Time,Day_Ahead_Price
1,50.87
2,48.19
3,44.68
4,42.92
5,40.39
6,40.2
7,39.63
8,40.09
9,41.27
10,44.88
11,45
12,47.2
13,50.78
14,45.49
15,44.73
16,46.59
17,52.99
18,60.26
19,60.61
20,60.36
21,57.4
22,53.86
23,53.45
24,49.72
25,46.69
26,42.43
27,41.09
28,40
29,37.55
30,39
31,42.09
32,44.96
33,48.45
34,52
35,52
36,52.15
37,55.95
38,52
39,50.69
40,53.45
41,59.99
42,62
43,63.08
44,62.17
45,60.03
46,55.03
47,52.25
48,48.45
49,46.11
50,43
51,39.55
52,35.18
53,33.45
54,32.37
55,31.7
56,32.63
57,36.9
58,36.96
59,36.96
60,43.72
61,47.71
62,40.41
63,39.66
64,39.57
65,36.11
66,45.04
67,52.56
68,45.84
69,35.83
70,33.31
71,34.98
72,27.39
73,29.33
74,24.82
75,24.65
76,24.8
77,27.71
78,28.58
79,37.04
80,52.03
81,55.76
82,57.06
83,57.18
84,60
85,61.27
86,60.28
87,60.07
88,59.46
89,61.99
90,66.82
91,61.97
92,55.06
93,47.34
94,45.64
95,48.93
96,44.64
97,37.54
98,40.07
99,39.81
100,39.65
101,40.2
102,44.26
103,47.06
104,54.96
105,63.67
106,64.73
107,66.07
108,65.97
109,65.46
110,63.82
111,63.87
112,64.05
113,64.26
114,67.14
115,61.61
116,59.16
117,59.26
118,53.62
119,53.86
120,47.99
121,44.41
122,42.94
123,42.88
124,42.15
125,43.23
126,44.56
127,47.4
128,44.05
129,53.41
130,54.8
131,53.94
132,58.3
133,61.43
134,61.92
135,57
136,57.53
137,61.68
138,61.84
139,57.46
140,58.06
141,59.97
142,52.95
143,52.95
144,49.53
145,51.03
146,50.18
147,48.97
148,46.72
149,46.87
150,50.08
151,57.34
152,67.8
153,86.51
154,86.54
155,85.08
156,88.74
157,88.76
158,84.31
159,80.4
160,83.57
161,89.68
162,100
163,90.43
164,80.28
165,66.8
166,60.22
167,59.69
168,52.25
169,50.53
170,48.43
171,47.24
172,45.61
173,46.81
174,51.57
175,60.67
176,79.56
177,103.54
178,110.45
179,109.96
180,106.82
181,102.37
182,97.61
183,95
184,95.42
185,95
186,110
187,102.41
188,88.05
189,64.24
190,59.43
191,57.6
192,51.75
193,54.73
194,52.39
195,51.67
196,50.88
197,50.02
198,49.1
199,49.57
200,53.82
201,59.8
202,66.92
203,67.71
204,68
205,67.01
206,62.53
207,60
208,60
209,62.78
210,69.92
211,71.99
212,68.95
213,62.66
214,56.54
215,55.81
216,50.85
217,54.65
218,51.79
219,50.58
220,47.98
221,47.6
222,47.59
223,42.09
224,44.56
225,49.46
226,54.96
227,53.63
228,55.57
229,54.17
230,52.62
231,53.18
232,54.85
233,56.52
234,62.09
235,63.41
236,56.39
237,55.64
238,53.33
239,52.05
240,37.24
241,44.9
242,44.74
243,45.06
244,44.07
245,44.53
246,42.74
247,54.62
248,67.11
249,70.59
250,58.32
251,55.89
252,54.49
253,53.35
254,48.39
255,49.57
256,50.96
257,49.12
258,53.44
259,47.94
260,42.16
261,38.03
262,34.24
263,34.01
264,27.39
265,18.96
266,15.82
267,19
268,24.14
269,27
270,35.94
271,40.96
272,54.51
273,60.64
274,54.96
275,56.5
276,57.88
277,59.64
278,54.94
279,51.55
280,55.56
281,63.01
282,64.6
283,61.89
284,54.9
285,53.25
286,44.84
287,38.68
288,37.24
289,34.59
290,33.47
291,32.36
292,30.84
293,31.68
294,36.81
295,41.87
296,46.21
297,56.14
298,47.71
299,46.23
300,43.82
301,41.22
302,40.04
303,39.47
304,41.17
305,45.91
306,55.49
307,54.51
308,49.28
309,48.65
310,41.89
311,41
312,38.97
313,37.3
314,36.91
315,36.98
316,39.82
317,43.2
318,46.45
319,60.04
320,79.9
321,88.82
322,89.27
323,89.63
324,91.05
325,88.75
326,87.1
327,83.98
328,79.96
329,83.42
330,100.67
331,90.16
332,87.7
333,74.58
334,62.74
335,59.82
336,55.6
337,48.98
338,48.66
339,47.7
340,46.6
341,48
342,51.52
343,62.97
344,77.94
345,94.07
346,97.76
347,90.69
348,86.97
349,79.25
350,76.64
351,77.14
352,76.98
353,82
354,99.5
355,98.02
356,95.01
357,77.2
358,67.18
359,63.19
360,55.42
361,58.41
362,55.65
363,52.16
364,51.18
365,49.51
366,48.52
367,48.74
368,51.43
369,61.16
370,64.75
371,63.77
372,62.13
373,55.01
374,50.66
375,49.48
376,50.65
377,57.7
378,65.01
379,66.4
380,63.76
381,57.47
382,52.98
383,53.2
384,50.56
385,47.99
386,47.74
387,47.18
388,46.09
389,45.8
390,45.42
391,46.46
392,47.64
393,47.42
394,51.13
395,56.5
396,59.94
397,55.51
398,52.82
399,49.95
400,53.48
401,60.6
402,67.05
403,72
404,67.78
405,62.45
406,56.61
407,57.07
408,51.34
409,50.22
410,47.94
411,47.67
412,46.6
413,46.72
414,47.58
415,61.19
416,73.06
417,78.92
418,75.65
419,72.03
420,66.39
421,60.06
422,57.7
423,59.41
424,57.39
425,54.54
426,59.94
427,55.08
428,51.42
429,46.97
430,45.63
431,42.95
432,37.83
433,36.68
434,35.94
435,34.74
436,35.96
437,36.7
438,37.95
439,41.59
440,46.68
441,55.15
442,54.5
443,52.73
444,54.5
445,52.21
446,52.11
447,52.37
448,51.34
449,51.89
450,54.7
451,52.75
452,45.39
453,40.37
454,37.28
455,35.39
456,29.98
457,30.33
458,28.4
459,26.62
460,25.13
461,28.76
462,30.92
463,35.56
464,40.23
465,42.27
466,38.9
467,38.01
468,37.95
469,37.92
470,36.84
471,36.8
472,38.92
473,40.3
474,51.39
475,57.52
476,45.34
477,35.9
478,31.97
479,29.49
480,25.3
481,24.85
482,19.32
483,8.94
484,0.9
485,0.02
486,13.69
487,27.47
488,35.32
489,37.23
490,35.29
491,33.01
492,33.38
493,33.69
494,35.34
495,37.11
496,42.52
497,44.67
498,45.63
499,45.05
500,44.91
501,35.59
502,31.96
503,31.81
504,24.09
505,9.1
506,13.92
507,11.08
508,11.51
509,16.24
510,28.49
511,32.23
512,37.66
513,51.52
514,45.42
515,46.95
516,50.06
517,52.08
518,50.69
519,51.36
520,54.49
521,57.31
522,64.48
523,66.77
524,63.89
525,54.93
526,52.91
527,51.79
528,45.82
529,44.61
530,43.39
531,44.38
532,42.31
533,38.91
534,41.97
535,42.4
536,45.88
537,50
538,56.92
539,58.15
540,58.95
541,56.63
542,52
543,51
544,53.65
545,58.3
546,63.09
547,66.13
548,63.29
549,58.16
550,52.8
551,51.2
552,47.18
553,44.8
554,40.67
555,41.24
556,40.24
557,39.78
558,39.9
559,40.56
560,41.97
561,46
562,50.54
563,53.09
564,54.34
565,51.86
566,45.99
567,44.34
568,45.93
569,52
570,61.98
571,65
572,62.91
573,59.3
574,55.76
575,53.93
576,47.89
577,46.62
578,43.09
579,43
580,42.59
581,42.2
582,45.66
583,61.95
584,70
585,75.62
586,79.67
587,74.95
588,72.2
589,69.02
590,67
591,65.91
592,66.01
593,67.35
594,71.69
595,71.41
596,65.17
597,62.52
598,55.26
599,53.5
600,47.7
601,50.95
602,49.57
603,46.9
604,44.69
605,46.1
606,51.02
607,57.33
608,69.05
609,73.95
610,71.73
611,73.91
612,72
613,70
614,65.91
615,66.33
616,68.15
617,68.75
618,73.73
619,70.36
620,63.15
621,61.98
622,54.93
623,54.71
624,47.77
625,46.83
626,44.97
627,43.32
628,42.04
629,42.27
630,44.93
631,51.25
632,61.57
633,66.79
634,66.12
635,65.47
636,65.94
637,65.78
638,65.54
639,65.84
640,66.16
641,65.9
642,68.17
643,70.48
644,63.99
645,59.64
646,55.75
647,53.1
648,49.94
649,46.87
650,44.93
651,43.83
652,42.4
653,43.64
654,44.41
655,53.52
656,63.46
657,68.39
658,66.7
659,64.98
660,64
661,60.74
662,60.08
663,59.6
664,56.71
665,55
666,60.62
667,63.33
668,60.7
669,54.92
670,52.02
671,51.02
672,45.51
673,42.71
674,39.86
675,38.42
676,37.85
677,37.61
678,39.83
679,45
680,55.42
681,58.56
682,58.88
683,56.67
684,54.73
685,53.42
686,49.01
687,46.02
688,50.69
689,54.98
690,59.54
691,60.79
692,59.38
693,54.34
694,50.03
695,45.9
696,42.79
697,42.02
698,39.42
699,37.54
700,35.81
701,34.86
702,38.09
703,41.08
704,43.35
705,48.74
706,57.73
707,57.81
708,57.78
709,55.13
710,50.6
711,47.99
712,48.05
713,56.58
714,60.58
715,61.65
716,59.62
717,52.78
718,46.96
719,46.98
720,42.3
721,42.08
722,40.98
723,40.51
724,39.5
725,38.61
726,40.41
727,40.37
728,41.29
729,44.85
730,49.15
731,50.73
732,51.14
733,50.37
734,46.23
735,45.9
736,47.92
737,52.92
738,64.46
739,63.88
740,62.35
741,57.99
742,51.34
743,49.28
744,45.36
745,41.18
746,40
747,40
748,38.51
749,36.48
750,39.99
751,53.94
752,63.39
753,64.81
754,65.1
755,64.66
756,65.57
757,64.46
758,64.76
759,64
760,63.3
761,64.26
762,70.17
763,81.58
764,69.9
765,62.29
766,56.36
767,55.25
768,49.4
769,46.13
770,45.05
771,43.59
772,42.08
773,43.98
774,46.09
775,58.17
776,63.34
777,78.13
778,69.46
779,66.28
780,65.17
781,61.47
782,61.04
783,59.47
784,54.45
785,47.97
786,58.14
787,58.18
788,58.06
789,49.96
790,47.47
791,46.54
792,40.62
793,35.58
794,31.41
795,30.78
796,29.99
797,31.76
798,37.91
799,41.2
800,55.91
801,56.08
802,56.08
803,54.03
804,56.97
805,54.31
806,51.79
807,45.92
808,43.62
809,42.01
810,48.01
811,53.25
812,50.86
813,43.71
814,41.79
815,40.15
816,35.51
817,33.87
818,33.39
819,32.89
820,31.99
821,35.2
822,39.37
823,48.32
824,57.15
825,59.19
826,57.7
827,54.94
828,56.43
829,56.09
830,55.69
831,56.56
832,58.19
833,59.42
834,71.5
835,71.5
836,67.51
837,59.39
838,53.78
839,52.7
840,46.22
841,45.57
842,44.01
843,42.24
844,41.2
845,40.52
846,43.36
847,50.43
848,58.65
849,62.02
850,61.03
851,59.54
852,58.54
853,57.9
854,54.51
855,50
856,48
857,49.69
858,56.92
859,58.63
860,57.46
861,51.1
862,49.89
863,48.49
864,43.58
865,40.68
866,39
867,38.33
868,35.08
869,34.9
870,35.07
871,35.2
872,36.93
873,41.89
874,43.15
875,43.5
876,43.47
877,41.14
878,35.46
879,35.37
880,33.13
881,30.92
882,39.44
883,43.95
884,42.98
885,35.31
886,30.29
887,26.03
888,11.94
889,-1.24
890,-1.59
891,-0.02
892,-0.04
893,-2.01
894,-0.09
895,-3.84
896,-0.09
897,-2.38
898,12.03
899,28.56
900,37.02
901,37.32
902,26.97
903,16.53
904,20.92
905,28.17
906,39.14
907,43.44
908,40.71
909,37.05
910,36.55
911,39.89
912,32.05
913,7.69
914,4.59
915,14.05
916,12.79
917,0.09
918,20.54
919,43.97
920,55.63
921,58.14
922,56.75
923,55.88
924,57.22
925,55.58
926,55.5
927,48.88
928,54.96
929,55.06
930,61.45
931,64.32
932,61.62
933,55.56
934,49.83
935,49.05
936,45.29
937,47.75
938,47.02
939,46.66
940,46.05
941,46.4
942,47.97
943,58.16
944,72.98
945,80.64
946,80.85
947,79.98
948,75.51
949,69.89
950,70.26
951,70.37
952,71.82
953,71.02
954,79.06
955,80
956,74
957,64.95
958,56.62
959,55.67
960,50.09
961,51.5
962,49.55
963,48.35
964,47.5
965,47.68
966,49.2
967,60
968,76.38
969,92.33
970,98.62
971,93.68
972,88.32
973,79.99
974,75.91
975,74.96
976,76.19
977,80.18
978,94.15
979,109.86
980,88.09
981,73.26
982,64.19
983,58.65
984,54.45
985,55.64
986,53.13
987,51.66
988,50.04
989,50.02
990,57.41
991,70.9
992,103.95
993,136.71
994,133.19
995,98.14
996,91.52
997,80.52
998,72.7
999,70.4
1000,71.93
1001,77.87
1002,95.14
1003,133.53
1004,99.31
1005,74.33
1006,62.3
1007,59.1
1008,53.69
1009,51.05
1010,49.09
1011,49.22
1012,48.14
1013,47.77
1014,49.17
1015,62.9
1016,75.2
1017,79.46
1018,80.81
1019,76.08
1020,74.1
1021,69.33
1022,56.99
1023,57.4
1024,58.16
1025,65.73
1026,71.24
1027,79.95
1028,70.14
1029,61.26
1030,55.48
1031,54.01
1032,48.54
1033,48.07
1034,47.14
1035,47.02
1036,45.58
1037,44.68
1038,45.42
1039,45.72
1040,48.87
1041,60.02
1042,64.54
1043,62.67
1044,58.71
1045,50.06
1046,47.16
1047,47.07
1048,48.34
1049,54.79
1050,64.38
1051,72.96
1052,69
1053,58.49
1054,50.92
1055,49.24
1056,46.34
1057,45.72
1058,44.61
1059,43.6
1060,42.9
1061,42.37
1062,42.14
1063,42.53
1064,43.61
1065,45.97
1066,46.4
1067,46.13
1068,45.69
1069,44.28
1070,42.54
1071,41.5
1072,42.78
1073,45
1074,53.97
1075,62.2
1076,57.1
1077,48.34
1078,43.89
1079,45.27
1080,42.8
1081,38.46
1082,37.16
1083,37.07
1084,34.23
1085,31.29
1086,39.25
1087,46.66
1088,60.4
1089,62.48
1090,61
1091,58.07
1092,60.02
1093,57.9
1094,55.09
1095,50.28
1096,49.14
1097,51.02
1098,57.95
1099,68.05
1100,62.4
1101,55.66
1102,48.2
1103,50.01
1104,46.11
1105,46.29
1106,44.28
1107,43.52
1108,42.22
1109,42.35
1110,44.97
1111,50.44
1112,63.43
1113,67.64
1114,68.85
1115,63.55
1116,63.85
1117,59.43
1118,55.66
1119,48.38
1120,46.23
1121,47.05
1122,54.77
1123,62.7
1124,55.27
1125,48.86
1126,48.24
1127,47.38
1128,43.05
1129,42.01
1130,41.36
1131,40
1132,37.4
1133,38.04
1134,38.69
1135,40.61
1136,52.12
1137,60.08
1138,61.19
1139,56.39
1140,51.8
1141,46.46
1142,43.94
1143,45.33
1144,46.2
1145,53.8
1146,61
1147,71.27
1148,65.73
1149,57.6
1150,48.37
1151,47.58
1152,44.99
1153,42.26
1154,41.01
1155,39.1
1156,38.77
1157,37.78
1158,40.05
1159,45.96
1160,60.16
1161,61.9
1162,59.15
1163,50.96
1164,48.46
1165,45.38
1166,43.53
1167,43.61
1168,42.64
1169,43.49
1170,47.6
1171,54
1172,48.38
1173,42
1174,39.42
1175,37.59
1176,36.41
1177,37.1
1178,37.02
1179,36.94
1180,36.03
1181,36.7
1182,38.96
1183,43.63
1184,55.94
1185,60.39
1186,58
1187,52.7
1188,47.62
1189,46.18
1190,43.4
1191,43.59
1192,49.92
1193,56.84
1194,60.99
1195,62.53
1196,57.97
1197,49.04
1198,45.86
1199,46.06
1200,41.68
1201,39.51
1202,37.66
1203,36.35
1204,35.02
1205,35.02
1206,32.95
1207,35.07
1208,37.01
1209,38.95
1210,38.25
1211,33.53
1212,30.45
1213,29.18
1214,23.11
1215,20.36
1216,27.16
1217,36.31
1218,40.65
1219,44.91
1220,40.82
1221,35.3
1222,26.97
1223,32.08
1224,30.51
1225,19.11
1226,16.95
1227,23.11
1228,13.44
1229,12.18
1230,18.91
1231,19.13
1232,29.01
1233,31.36
1234,34.58
1235,31.45
1236,32.08
1237,32.68
1238,25.47
1239,25.76
1240,35.09
1241,43.42
1242,55.18
1243,58.06
1244,56.61
1245,50.11
1246,41.94
1247,43.87
1248,40.64
1249,40.04
1250,39.41
1251,38.01
1252,37.77
1253,37.22
1254,39.29
1255,49.49
1256,57.85
1257,58.99
1258,55.04
1259,46.88
1260,45.52
1261,44.52
1262,43.59
1263,44.75
1264,51.97
1265,59.24
1266,66.6
1267,72.9
1268,65.68
1269,57.97
1270,51.9
1271,49
1272,44.06
1273,41.71
1274,40.13
1275,39.17
1276,37.73
1277,37.63
1278,39.06
1279,43.16
1280,56.95
1281,59.22
1282,56.2
1283,49.87
1284,41.86
1285,39.9
1286,38.9
1287,39
1288,39.74
1289,47.37
1290,59.45
1291,58.37
1292,58.03
1293,51.29
1294,43.96
1295,40.1
1296,35.22
1297,20.62
1298,20.39
1299,22.82
1300,15.79
1301,19.25
1302,21.94
1303,38.19
1304,46.27
1305,53.38
1306,43.89
1307,38.02
1308,36.04
1309,33.43
1310,33.83
1311,36.03
1312,40.78
1313,46.18
1314,55.1
1315,60.93
1316,57.31
1317,51.09
1318,43.59
1319,43.62
1320,36.7
1321,35.57
1322,35.08
1323,34.49
1324,33.3
1325,35.07
1326,38.66
1327,43.1
1328,54.44
1329,53.9
1330,49.81
1331,42.12
1332,41.48
1333,40.86
1334,40.13
1335,42.4
1336,46.23
1337,51.07
1338,55.73
1339,64.9
1340,65.73
1341,56.91
1342,53.5
1343,48.44
1344,45
1345,45.1
1346,41.8
1347,40.99
1348,40.24
1349,40.7
1350,42.73
1351,54.39
1352,60.54
1353,60.85
1354,55.51
1355,50.6
1356,44.48
1357,41.94
1358,40.19
1359,39
1360,40.14
1361,43.16
1362,52.76
1363,57.91
1364,57.53
1365,54.94
1366,48.65
1367,46.28
1368,42.71
1369,44
1370,40.49
1371,40.44
1372,38.4
1373,39.09
1374,39.61
1375,43.34
1376,48.69
1377,53.72
1378,52.37
1379,45.62
1380,41
1381,38.71
1382,36.85
1383,36.38
1384,37
1385,41.07
1386,54.6
1387,58.95
1388,57.5
1389,54.27
1390,47.4
1391,46.05
1392,42.9
1393,41.7
1394,40.1
1395,39.55
1396,39.42
1397,38.48
1398,39.44
1399,40.06
1400,41
1401,42.04
1402,40.43
1403,38.9
1404,38.77
1405,36
1406,27.24
1407,26.03
1408,35.4
1409,37.97
1410,53.1
1411,58.63
1412,59.28
1413,55.27
1414,48.25
1415,49.06
1416,43.61
1417,42.5
1418,40.96
1419,41
1420,40.95
1421,40.8
1422,44.94
1423,57.48
1424,65.09
1425,66.38
1426,59.16
1427,52.4
1428,44.48
1429,42.05
1430,40.07
1431,40.03
1432,41.75
1433,46.15
1434,55.78
1435,68.49
1436,64.99
1437,57.36
1438,50.85
1439,48.05
1440,42.65
1441,44.32
1442,43.89
1443,43.36
1444,42.14
1445,42.1
1446,47.27
1447,55.91
1448,66.07
1449,71.04
1450,58.73
1451,51.02
1452,44.68
1453,43.36
1454,43.79
1455,43.34
1456,45.22
1457,53.2
1458,58.63
1459,79.31
1460,78.62
1461,63.45
1462,56.92
1463,55.48
1464,52.13
1465,45.52
1466,44.72
1467,43.81
1468,43.93
1469,44.07
1470,49.38
1471,58.99
1472,67.04
1473,66.75
1474,58.2
1475,49.51
1476,44.72
1477,44.15
1478,42.76
1479,43.19
1480,44.9
1481,46.98
1482,56.36
1483,67.68
1484,70
1485,60.22
1486,54.74
1487,52.24
1488,46.01
1489,48.12
1490,46.14
1491,44.25
1492,43.39
1493,43.96
1494,46.47
1495,55.8
1496,62.01
1497,65.71
1498,64.93
1499,60.05
1500,56.45
1501,55
1502,53.98
1503,53.23
1504,53.49
1505,53.07
1506,56.09
1507,62.13
1508,66.14
1509,57.6
1510,53.1
1511,50.57
1512,46.13
1513,45.63
1514,44.25
1515,42.65
1516,42.03
1517,43.39
1518,47
1519,57.31
1520,64.85
1521,67.97
1522,65.18
1523,60.14
1524,57.64
1525,55.01
1526,47.13
1527,44.24
1528,45.8
1529,51.99
1530,58.91
1531,64.16
1532,65.37
1533,59.17
1534,55.34
1535,53.15
1536,48.17
1537,48
1538,45.85
1539,43.57
1540,40.8
1541,40.36
1542,40.46
1543,41.45
1544,46.48
1545,48.03
1546,45.61
1547,40.92
1548,38.53
1549,37.43
1550,37.62
1551,36.9
1552,38.57
1553,40.27
1554,48.64
1555,56.02
1556,58.87
1557,54.97
1558,48.89
1559,49.68
1560,45.03
1561,45.25
1562,41.75
1563,41.65
1564,43.44
1565,42.13
1566,43.85
1567,45.24
1568,44.37
1569,39.58
1570,37.58
1571,38.13
1572,38.79
1573,38.55
1574,37.52
1575,38.11
1576,40
1577,42.4
1578,47.67
1579,55.84
1580,60.91
1581,56.77
1582,54.27
1583,53
1584,48.99
1585,47.3
1586,45.5
1587,44.48
1588,43.02
1589,45
1590,50.06
1591,63.92
1592,79.27
1593,86.66
1594,67.9
1595,59.34
1596,57.73
1597,55.77
1598,54.48
1599,54.15
1600,55.41
1601,58.64
1602,70
1603,100.87
1604,103.71
1605,66.18
1606,59.16
1607,56.87
1608,53.14
1609,47.52
1610,46.66
1611,43.77
1612,43.09
1613,43.59
1614,48.26
1615,61.7
1616,73.4
1617,81.35
1618,72.55
1619,63.02
1620,59.7
1621,57.94
1622,56.47
1623,56.49
1624,57.39
1625,57.05
1626,65
1627,90.16
1628,93.3
1629,70
1630,61.7
1631,58.3
1632,53.57
1633,55.57
1634,53.05
1635,50.03
1636,49.04
1637,49
1638,53.08
1639,58.9
1640,69.9
1641,68.08
1642,58.48
1643,50.95
1644,50.39
1645,47.26
1646,45.98
1647,45.77
1648,47.1
1649,49.03
1650,55.1
1651,58.51
1652,56.88
1653,45.04
1654,41.36
1655,37.11
1656,24.12
1657,17.8
1658,0.1
1659,0.01
1660,0
1661,0.03
1662,14.95
1663,24.97
1664,37.9
1665,39.83
1666,38.28
1667,35.84
1668,35.76
1669,37.88
1670,30.27
1671,26.21
1672,30.77
1673,34.09
1674,38.97
1675,48.33
1676,55.93
1677,39.98
1678,31.23
1679,27.08
1680,12.13
1681,17.61
1682,15.8
1683,4.59
1684,4.58
1685,10.71
1686,21.02
1687,32.63
1688,39.95
1689,36.33
1690,24.12
1691,0.07
1692,0.01
1693,-5.09
1694,-1.14
1695,0.09
1696,25.35
1697,28.21
1698,39.99
1699,50.58
1700,52.84
1701,37.95
1702,31.56
1703,34.3
1704,32.81
1705,26.61
1706,24.58
1707,20.73
1708,17.32
1709,18.23
1710,17.4
1711,22.84
1712,17.15
1713,4.07
1714,2.95
1715,0.08
1716,0
1717,-3.17
1718,-8.66
1719,-8.74
1720,-4.7
1721,-0.99
1722,16.1
1723,32.5
1724,42.63
1725,24.94
1726,4.38
1727,20.02
1728,-0.01
1729,-4.92
1730,-2.94
1731,-0.1
1732,-1.06
1733,-0.08
1734,-0.02
1735,-0.1
1736,0
1737,4.66
1738,19.91
1739,14.15
1740,9.97
1741,8.51
1742,-0.01
1743,-0.02
1744,0.13
1745,17.2
1746,28.86
1747,49.51
1748,57.28
1749,45.26
1750,43.76
1751,46.9
1752,41.23
1753,40.67
1754,37.01
1755,36.07
1756,35.03
1757,33.26
1758,40.69
1759,55.6
1760,62.47
1761,64.89
1762,61.55
1763,55.05
1764,50.42
1765,47.98
1766,45.2
1767,40.77
1768,39.52
1769,42.61
1770,50.6
1771,61.97
1772,67.82
1773,59.93
1774,55.9
1775,50.76
1776,46.86
1777,45.46
1778,44.76
1779,44.77
1780,43.08
1781,44.1
1782,47.4
1783,59.1
1784,66.29
1785,68.92
1786,62.49
1787,59.93
1788,58.62
1789,54.84
1790,48.08
1791,48.61
1792,52.98
1793,59.99
1794,65.96
1795,70.7
1796,77.71
1797,61.4
1798,56.01
1799,53.88
1800,49.19
1801,46.14
1802,45.47
1803,44.45
1804,44.4
1805,45.39
1806,48.83
1807,53.81
1808,63.21
1809,64
1810,62.55
1811,57.51
1812,59.57
1813,54.82
1814,51.69
1815,50.31
1816,49.95
1817,55.64
1818,66.2
1819,77.79
1820,85
1821,69.28
1822,64.55
1823,62.46
1824,60.46
1825,51.12
1826,49.56
1827,48.17
1828,47.94
1829,47.03
1830,51.53
1831,66.05
1832,79.15
1833,78.34
1834,75
1835,69.51
1836,68
1837,65.31
1838,62.21
1839,61.15
1840,62.9
1841,64.53
1842,75.22
1843,88.99
1844,98.71
1845,70.91
1846,61.9
1847,60.12
1848,53.23
1849,61.12
1850,56.24
1851,50.89
1852,48.5
1853,50
1854,52.1
1855,67.02
1856,71.55
1857,71.53
1858,64.1
1859,50.42
1860,45.31
1861,44.53
1862,43.5
1863,43.16
1864,43.53
1865,47.67
1866,55.58
1867,65.96
1868,72.99
1869,66.4
1870,61.99
1871,60.64
1872,60.11
1873,58.82
1874,55.74
1875,56.35
1876,50.81
1877,50
1878,51.03
1879,52.54
1880,56.72
1881,53.36
1882,51.29
1883,47.07
1884,45.67
1885,45.08
1886,43.05
1887,40.98
1888,44
1889,44.92
1890,49.94
1891,62.5
1892,68.09
1893,59.94
1894,49.03
1895,48.92
1896,46.4
1897,39.65
1898,29.02
1899,31.43
1900,26.74
1901,26.79
1902,23.66
1903,13.8
1904,22.87
1905,29.67
1906,31.21
1907,28.17
1908,34.87
1909,33.46
1910,23.34
1911,21.2
1912,22.59
1913,30
1914,41.3
1915,56.05
1916,64.82
1917,59.47
1918,54.8
1919,55.27
1920,49.85
1921,49.55
1922,48.74
1923,47.76
1924,47.01
1925,47.4
1926,50.56
1927,62
1928,73
1929,74.9
1930,71.6
1931,65.46
1932,62.43
1933,59.41
1934,53.78
1935,51.95
1936,51.01
1937,54.01
1938,63.98
1939,75.5
1940,90.47
1941,75
1942,65.43
1943,60.8
1944,49.7
1945,54.55
1946,53.86
1947,50.68
1948,50.61
1949,52.56
1950,58.74
1951,65.25
1952,74.37
1953,75.9
1954,69.2
1955,63.46
1956,62.1
1957,61.97
1958,57.58
1959,58.69
1960,58.43
1961,60.02
1962,64.64
1963,71.4
1964,83.49
1965,72.48
1966,64.57
1967,60.47
1968,51
1969,47.59
1970,47.41
1971,44.95
1972,45.43
1973,47.48
1974,49.06
1975,64.97
1976,65.78
1977,67.93
1978,50.87
1979,44.04
1980,44.37
1981,43.95
1982,44.82
1983,45.21
1984,48.87
1985,52.07
1986,61.32
1987,70.91
1988,84
1989,73.58
1990,66.75
1991,62.5
1992,59.1
1993,54.56
1994,50.31
1995,49.68
1996,48.87
1997,50.2
1998,58.87
1999,68.8
2000,74.97
2001,74.93
2002,67.04
2003,57.9
2004,46.42
2005,46.07
2006,46.9
2007,48.87
2008,48
2009,55.71
2010,63.26
2011,72.15
2012,85.43
2013,72.34
2014,62.9
2015,59.31
2016,48.98
2017,52.3
2018,50.05
2019,48.88
2020,46.07
2021,45.62
2022,49.91
2023,61.16
2024,65.81
2025,63.67
2026,48.01
2027,42.89
2028,37.65
2029,36.9
2030,34.73
2031,37.09
2032,45.15
2033,50.29
2034,60.68
2035,62.43
2036,69.01
2037,64.3
2038,57.39
2039,53.33
2040,49.58
2041,43
2042,38.09
2043,36
2044,34.03
2045,29.64
2046,34.09
2047,34.32
2048,30.49
2049,25.1
2050,13
2051,5.12
2052,-2.89
2053,-49.9
2054,-39.26
2055,-29.96
2056,-1.81
2057,19.49
2058,42.4
2059,57.5
2060,66.1
2061,59.02
2062,49.42
2063,53
2064,46.68
2065,43.77
2066,38.62
2067,
2068,35.43
2069,35
2070,35.07
2071,35.67
2072,35.72
2073,27.68
2074,30
2075,21.22
2076,1.88
2077,-19.04
2078,-49.99
2079,-49.97
2080,-40.99
2081,-12.14
2082,4.55
2083,35.3
2084,43.04
2085,48.34
2086,40.98
2087,40.97
2088,38.68
2089,27.56
2090,23.03
2091,22.12
2092,22.79
2093,23.44
2094,35.54
2095,51.33
2096,67.25
2097,70.86
2098,55.04
2099,42.29
2100,29.28
2101,22.33
2102,17.92
2103,17.13
2104,18.61
2105,20.44
2106,39.71
2107,57.68
2108,67.63
2109,68.15
2110,64.02
2111,59.18
2112,56
2113,47.08
2114,46.46
2115,44.65
2116,45.59
2117,46.27
2118,53.22
2119,65.09
2120,78.22
2121,76.73
2122,64.63
2123,52.94
2124,46.37
2125,44.8
2126,42.05
2127,39.89
2128,39.78
2129,43.18
2130,52.5
2131,63.24
2132,74.29
2133,77.01
2134,67.38
2135,65.69
2136,60.36
2137,56.58
2138,50.97
2139,50
2140,49.18
2141,48.33
2142,53.54
2143,67.41
2144,75.11
2145,76.39
2146,65.98
2147,56.81
2148,50.71
2149,49
2150,46.66
2151,43.09
2152,43.92
2153,46.79
2154,51.32
2155,67.16
2156,96.8
2157,78.6
2158,66.15
2159,62.9
2160,55.92
2161,54.38
2162,47.82
2163,45.1
2164,44.17
2165,44.29
2166,45.7
2167,62.43
2168,70.97
2169,67
2170,60.36
2171,54.39
2172,45.95
2173,43.11
2174,38.95
2175,36.26
2176,39.45
2177,43
2178,49.35
2179,57.19
2180,63.72
2181,66.41
2182,61.28
2183,58.83
2184,54.82
2185,54.24
2186,49.77
2187,47
2188,43.7
2189,43.96
2190,47.17
2191,53.52
2192,60.24
2193,60.67
2194,56.25
2195,45.56
2196,40.4
2197,28.26
2198,0.07
2199,-11.83
2200,-20.95
2201,-14.11
2202,16.22
2203,42
2204,49.72
2205,50.74
2206,45
2207,45
2208,43.37
2209,42.01
2210,38.4
2211,37.51
2212,37.23
2213,37.1
2214,37.68
2215,40.1
2216,42.01
2217,45.88
2218,47.14
2219,41.08
2220,37.15
2221,33.89
2222,23.7
2223,16.79
2224,9.75
2225,21.96
2226,39.83
2227,49.9
2228,58
2229,59.23
2230,53.2
2231,51.48
2232,48.44
2233,47.46
2234,41.56
2235,39.83
2236,39.87
2237,39.88
2238,38.75
2239,36.81
2240,38.43
2241,39.53
2242,35.99
2243,20.37
2244,16.25
2245,18.07
2246,6.01
2247,2.02
2248,0.1
2249,1.01
2250,7.18
2251,31.01
2252,39.87
2253,47.45
2254,40.5
2255,33.38
2256,3.24
2257,0.05
2258,-10
2259,-29.91
2260,-29.98
2261,-21.4
2262,-34.97
2263,-39.97
2264,-44.94
2265,-25.69
2266,-17.65
2267,-19.19
2268,-12.95
2269,-27.68
2270,-44.98
2271,-52.73
2272,-49.11
2273,-35.35
2274,-9.47
2275,0.08
2276,21.15
2277,27.87
2278,19.96
2279,18.47
2280,10.47
2281,14.7
2282,13.9
2283,12.37
2284,14.19
2285,14.93
2286,28.21
2287,46.16
2288,65.46
2289,59.99
2290,39.85
2291,33.94
2292,28.67
2293,20.88
2294,12.52
2295,9.9
2296,17.19
2297,20.68
2298,38.73
2299,52.58
2300,66.51
2301,71.44
2302,61.23
2303,56.88
2304,48.17
2305,55.58
2306,46.3
2307,46.36
2308,45.94
2309,44.58
2310,47.7
2311,61.95
2312,80.86
2313,84.5
2314,65.89
2315,55.94
2316,52.32
2317,41.3
2318,40.68
2319,39.97
2320,39.83
2321,40.66
2322,40.25
2323,46.4
2324,55.5
2325,49.3
2326,46.2
2327,41.93
2328,37.82
2329,39.54
2330,40.26
2331,40.76
2332,44.9
2333,46.77
2334,47.2
2335,60.95
2336,79.86
2337,99.26
2338,66.49
2339,59.71
2340,58.53
2341,57.02
2342,53.39
2343,51.47
2344,49.02
2345,47.63
2346,53.9
2347,63.86
2348,76.18
2349,76.31
2350,61.86
2351,58.04
2352,49.02
2353,41.9
2354,41.9
2355,39.48
2356,37.97
2357,41.88
2358,43.59
2359,46.36
2360,55.02
2361,59.08
2362,47.38
2363,44.01
2364,42.12
2365,41.86
2366,45.36
2367,47.38
2368,46.53
2369,58.11
2370,63.93
2371,70.68
2372,83
2373,84.9
2374,76.51
2375,70.29
2376,64.87
2377,66.02
2378,61.21
2379,55.65
2380,55.56
2381,52.39
2382,54.04
2383,52.68
2384,59.62
2385,66.2
2386,69.19
2387,64.51
2388,61.21
2389,58.93
2390,52.5
2391,50.08
2392,50.01
2393,52.04
2394,59.84
2395,65.7
2396,69.24
2397,68.92
2398,61.56
2399,54.62
2400,49.61
2401,53.59
2402,46.33
2403,42.42
2404,45.04
2405,44.69
2406,41.98
2407,42.84
2408,41.88
2409,45.64
2410,46.38
2411,45.92
2412,47.76
2413,45.66
2414,44.81
2415,41.92
2416,41.29
2417,42
2418,44.36
2419,48.2
2420,62.04
2421,67.24
2422,67.2
2423,63.85
2424,55.47
2425,48.64
2426,49.08
2427,50
2428,50.72
2429,50.05
2430,53.8
2431,69.25
2432,85.66
2433,100
2434,81.33
2435,65.79
2436,66.64
2437,60.71
2438,54.57
2439,48.26
2440,47.88
2441,48.91
2442,54.53
2443,70.72
2444,80
2445,80.1
2446,77.64
2447,64.74
2448,46.34
2449,52.14
2450,51.9
2451,50.51
2452,49.33
2453,52.02
2454,53.05
2455,69.62
2456,84.91
2457,76.96
2458,52.73
2459,45.77
2460,46.66
2461,45.64
2462,43.76
2463,41.58
2464,42.73
2465,46.55
2466,51.85
2467,63.26
2468,77.26
2469,88.32
2470,73.7
2471,65.58
2472,54.56
2473,50.1
2474,53.46
2475,54.07
2476,53.85
2477,54.02
2478,54.89
2479,79.05
2480,118.52
2481,125
2482,75.54
2483,62.62
2484,62.08
2485,58.29
2486,54.9
2487,50.62
2488,52.79
2489,52.03
2490,62.04
2491,73.19
2492,97.45
2493,100
2494,85.62
2495,75.66
2496,62.05
2497,61.96
2498,57.81
2499,57.01
2500,57.5
2501,61.16
2502,65.81
2503,82.9
2504,105.05
2505,118
2506,77.14
2507,65.93
2508,64.1
2509,55.42
2510,51.29
2511,49.1
2512,49.84
2513,52
2514,55.88
2515,67.94
2516,81.46
2517,81.05
2518,71.42
2519,64.62
2520,53.01
2521,52.57
2522,52.5
2523,51.35
2524,52.16
2525,54.34
2526,56.41
2527,70.76
2528,86.09
2529,96.1
2530,65.58
2531,63.64
2532,59.67
2533,57.51
2534,55.25
2535,52.9
2536,54.02
2537,53.66
2538,57.59
2539,68.09
2540,78.51
2541,78.07
2542,67.68
2543,65.59
2544,63.03
2545,65.91
2546,55.56
2547,57.12
2548,55.93
2549,55.99
2550,57.14
2551,65.57
2552,65.19
2553,73.31
2554,68.8
2555,58.76
2556,56.63
2557,54.63
2558,50.59
2559,49.45
2560,49.35
2561,50.72
2562,53.49
2563,59.98
2564,74.48
2565,78.47
2566,77.1
2567,69.55
2568,64.98
2569,68.33
2570,63.98
2571,62.65
2572,62.1
2573,61.02
2574,60.57
2575,60.54
2576,62.62
2577,64.52
2578,63.57
2579,59.93
2580,56.93
2581,56.59
2582,51.94
2583,49.42
2584,48.97
2585,51.34
2586,54.55
2587,64.99
2588,76.08
2589,80.93
2590,80
2591,76.31
2592,65.21
2593,62.78
2594,58.09
2595,58.08
2596,56.09
2597,57.91
2598,66.58
2599,84.9
2600,98.66
2601,117.18
2602,102.78
2603,89.19
2604,75.12
2605,66.5
2606,60.4
2607,59.63
2608,60.14
2609,59.64
2610,69.98
2611,85.04
2612,99.41
2613,100
2614,89.5
2615,73.76
2616,64.66
2617,64.54
2618,62.61
2619,62.53
2620,63.92
2621,68.61
2622,71.94
2623,85.43
2624,99.05
2625,110.41
2626,92
2627,69.53
2628,62.27
2629,60.46
2630,58.98
2631,57.87
2632,57.02
2633,58.83
2634,69.88
2635,84.98
2636,100
2637,101.73
2638,93.92
2639,86.91
2640,75
2641,66.75
2642,63.08
2643,62.24
2644,61.17
2645,62.4
2646,63.19
2647,81.01
2648,87.61
2649,76.24
2650,59.14
2651,51.68
2652,57.81
2653,49.39
2654,46.87
2655,43.36
2656,41.62
2657,33.38
2658,42.06
2659,53.64
2660,73.61
2661,78.02
2662,69.9
2663,62.35
2664,50.49
2665,46.74
2666,46.79
2667,44.35
2668,46.78
2669,47.21
2670,50
2671,66.73
2672,82.57
2673,59.34
2674,42.72
2675,35.63
2676,28.97
2677,17.67
2678,0.07
2679,0.06
2680,1.53
2681,15.95
2682,46.72
2683,51.57
2684,77.73
2685,84.42
2686,78.25
2687,66.75
2688,63.1
2689,66.73
2690,58.4
2691,57.48
2692,57.9
2693,57.48
2694,67
2695,77
2696,83.73
2697,83.16
2698,63.89
2699,54.38
2700,50.84
2701,46.72
2702,43.52
2703,38.73
2704,40.06
2705,45.29
2706,51.36
2707,64
2708,78.02
2709,81.02
2710,78.33
2711,70.9
2712,65.69
2713,68.51
2714,64.5
2715,61.4
2716,56.86
2717,54.89
2718,54.55
2719,57.95
2720,57.51
2721,55.75
2722,54.68
2723,50
2724,47.96
2725,43.9
2726,32.84
2727,20.24
2728,19.51
2729,28.18
2730,48.46
2731,56.96
2732,67.65
2733,73.43
2734,68.56
2735,67.15
2736,58.42
2737,50.82
2738,48.55
2739,48.71
2740,48.3
2741,48.03
2742,47.32
2743,44.76
2744,43.8
2745,43.48
2746,37.21
2747,17.8
2748,15.5
2749,15.32
2750,1.61
2751,-6.94
2752,-3.29
2753,0.11
2754,18.91
2755,54.7
2756,65.93
2757,67.88
2758,66
2759,64.98
2760,59.98
2761,52.5
2762,51.14
2763,52.51
2764,51.1
2765,51.17
2766,57.06
2767,74.96
2768,81.96
2769,83.85
2770,74.23
2771,52.55
2772,51.07
2773,50.12
2774,48.99
2775,48.34
2776,49.14
2777,50.73
2778,60.97
2779,73.85
2780,79.67
2781,81.02
2782,75.05
2783,70.69
2784,63.49
2785,53.62
2786,52.02
2787,51.53
2788,50.32
2789,51.2
2790,55.06
2791,75.59
2792,82.94
2793,81.7
2794,67.05
2795,50.93
2796,49.98
2797,48.4
2798,46.41
2799,45.79
2800,47.22
2801,49.06
2802,54.23
2803,72.55
2804,80.35
2805,80.87
2806,69.91
2807,57.23
2808,54.36
2809,56.42
2810,54.37
2811,53.27
2812,53.57
2813,54.17
2814,55.7
2815,71.98
2816,81.48
2817,85.57
2818,69.99
2819,54.47
2820,51.49
2821,49.55
2822,49.45
2823,50.84
2824,54.3
2825,55.96
2826,65.71
2827,71.34
2828,77.99
2829,77.12
2830,68.03
2831,64.29
2832,54.21
2833,52.59
2834,53.36
2835,52.89
2836,52.07
2837,52.04
2838,53.76
2839,66.62
2840,79.9
2841,85.08
2842,76.9
2843,63.97
2844,58.5
2845,55.17
2846,49.36
2847,46.7
2848,45
2849,47.4
2850,49.46
2851,56.61
2852,75.4
2853,73.96
2854,69.55
2855,56.56
2856,53.73
2857,55.77
2858,56.9
2859,57.28
2860,58.94
2861,60.31
2862,65.26
2863,74
2864,81.67
2865,84.93
2866,78.29
2867,76.51
2868,73.58
2869,67.04
2870,61.77
2871,59.92
2872,58.9
2873,60.41
2874,69.64
2875,75.55
2876,79.06
2877,80.96
2878,78.71
2879,75.23
2880,68.86
2881,69.29
2882,64.6
2883,61.08
2884,59.93
2885,59.9
2886,58
2887,52.54
2888,53.94
2889,57.38
2890,56.21
2891,54.7
2892,53.39
2893,53.13
2894,51.05
2895,48.24
2896,45.53
2897,48.98
2898,50.47
2899,54.4
2900,61.01
2901,68.69
2902,65.06
2903,60.34
2904,52.58
2905,55.67
2906,52.09
2907,50.46
2908,49.03
2909,49.43
2910,49.17
2911,48.21
2912,49.39
2913,50.76
2914,48.08
2915,46.18
2916,46.13
2917,43.91
2918,16.93
2919,3
2920,0.01
2921,2.62
2922,35.77
2923,50.52
2924,55.9
2925,67.11
2926,66.49
2927,61.68
2928,52.89
2929,54.32
2930,52.73
2931,51.44
2932,51.66
2933,51.6
2934,56.51
2935,70.7
2936,86.42
2937,87.93
2938,67.32
2939,60.98
2940,57.12
2941,52.99
2942,49.97
2943,50.83
2944,50.09
2945,49.79
2946,56.19
2947,70.06
2948,82.66
2949,87
2950,78.25
2951,68.7
2952,52.96
2953,45.28
2954,37.82
2955,16.97
2956,0.12
2957,0.1
2958,7.21
2959,42.01
2960,50.53
2961,50.59
2962,40.28
2963,35.67
2964,33
2965,26.23
2966,18.97
2967,2.06
2968,0.87
2969,5
2970,32.11
2971,45.81
2972,48.36
2973,50.53
2974,48.73
2975,47.69
2976,40.29
2977,23.62
2978,22.37
2979,22.05
2980,24.69
2981,32.29
2982,45.76
2983,59.79
2984,63.01
2985,63.9
2986,52.04
2987,45.18
2988,37.94
2989,-0.02
2990,-12.22
2991,-36.71
2992,-30
2993,-24.57
2994,23.74
2995,50.9
2996,68.19
2997,64.95
2998,58.72
2999,55.73
3000,52.01
3001,47.59
3002,48.95
3003,48.6
3004,50.16
3005,53.1
3006,52.65
3007,68.12
3008,74.92
3009,70.7
3010,51.06
3011,54.93
3012,55.08
3013,61.58
3014,59.01
3015,60.07
3016,63.05
3017,64.96
3018,72.5
3019,78.97
3020,91.01
3021,92.73
3022,85
3023,80
3024,74.44
3025,75.57
3026,68.82
3027,65
3028,60.25
3029,60.01
3030,69.3
3031,80
3032,91.07
3033,101.5
3034,84.16
3035,78.75
3036,76.98
3037,68.94
3038,61.75
3039,53.84
3040,52.22
3041,53.06
3042,55.43
3043,61.28
3044,77
3045,84.2
3046,81.15
3047,76.84
3048,74.04
3049,68.63
3050,60.07
3051,65.07
3052,62.63
3053,61.57
3054,59.47
3055,55.16
3056,56.01
3057,57
3058,52.76
3059,45.14
3060,41.04
3061,37
3062,23.86
3063,14.56
3064,18.18
3065,31.89
3066,52.09
3067,55.28
3068,69.95
3069,66.27
3070,60.74
3071,56.53
3072,46.83
3073,15.02
3074,6.71
3075,2
3076,1.61
3077,0.09
3078,0.1
3079,0.09
3080,0.08
3081,0.32
3082,0
3083,-4.91
3084,-10.97
3085,-39.9
3086,-52.11
3087,-66.18
3088,-54.05
3089,-22.6
3090,-0.57
3091,38.42
3092,58.65
3093,60.75
3094,51.99
3095,53.74
3096,48.69
3097,45.06
3098,42.11
3099,40
3100,35.45
3101,28.03
3102,37
3103,57.12
3104,69.99
3105,74.07
3106,59.56
3107,50.89
3108,46.88
3109,42.13
3110,46.28
3111,47.44
3112,53.25
3113,57.63
3114,65.92
3115,74.16
3116,83.94
3117,90.12
3118,84
3119,79.91
3120,68
3121,70
3122,64.92
3123,60.39
3124,56.67
3125,57.37
3126,63.09
3127,76.97
3128,85.99
3129,93.37
3130,85.71
3131,79.48
3132,77.66
3133,74.25
3134,69.16
3135,61.06
3136,62.05
3137,62.12
3138,69.43
3139,77.66
3140,81.19
3141,80
3142,79.62
3143,75.34
3144,68.62
3145,62.26
3146,58.2
3147,56.31
3148,54.81
3149,55.01
3150,58.84
3151,69.99
3152,79.37
3153,86.12
3154,80.1
3155,75.78
3156,73.84
3157,68.88
3158,62.06
3159,60.06
3160,60
3161,62.75
3162,70
3163,74.97
3164,80.97
3165,80.97
3166,78.08
3167,74.51
3168,66.01
3169,65.04
3170,63.15
3171,60.74
3172,60.85
3173,59.9
3174,60.69
3175,60.33
3176,62.87
3177,67.64
3178,63
3179,60.69
3180,57.96
3181,58.78
3182,51.63
3183,48.96
3184,48
3185,49.78
3186,57
3187,64.03
3188,75.91
3189,77.76
3190,79.96
3191,78.35
3192,72.63
3193,75.38
3194,69
3195,65.65
3196,62.2
3197,62.2
3198,68
3199,73.78
3200,80
3201,82.14
3202,78.96
3203,70
3204,67.21
3205,67.21
3206,63
3207,60.7
3208,60
3209,60.05
3210,65
3211,76.94
3212,80.21
3213,84.9
3214,87.02
3215,85
3216,78.69
3217,72.39
3218,66.75
3219,60.76
3220,57.99
3221,56.66
3222,54.87
3223,55.17
3224,60.75
3225,60.6
3226,60.09
3227,55.73
3228,53.02
3229,51.96
3230,48.49
3231,45.05
3232,47.69
3233,51.16
3234,55.43
3235,70.96
3236,75.29
3237,75.65
3238,72.64
3239,70.73
3240,65
3241,53.05
3242,47.63
3243,41.31
3244,34.49
3245,29.72
3246,27.86
3247,22.08
3248,25.25
3249,31.39
3250,30.91
3251,24.22
3252,29.2
3253,28.96
3254,9.93
3255,2.4
3256,1
3257,10.1
3258,49.96
3259,67.42
3260,81
3261,84.89
3262,79.47
3263,79.57
3264,65.05
3265,60.51
3266,53.03
3267,52.76
3268,53.78
3269,56.72
3270,60.73
3271,80.07
3272,94.46
3273,101.51
3274,86.66
3275,82
3276,81.86
3277,78.02
3278,72
3279,64
3280,60.76
3281,59.55
3282,70.79
3283,77.96
3284,85.77
3285,88.92
3286,87.04
3287,82
3288,77.99
3289,68
3290,62
3291,59.66
3292,56.68
3293,59.92
3294,67.21
3295,80.99
3296,87.98
3297,90.07
3298,87.25
3299,82.42
3300,80
3301,73.08
3302,67.46
3303,62.55
3304,61.92
3305,60.16
3306,64.25
3307,79.9
3308,88.24
3309,89.95
3310,87.98
3311,83.7
3312,78.92
3313,72.59
3314,65.49
3315,63.1
3316,62.08
3317,63.82
3318,69.79
3319,82.96
3320,100.21
3321,101.82
3322,89.32
3323,84.65
3324,81.96
3325,77.77
3326,70.08
3327,64
3328,63.55
3329,63.87
3330,71
3331,80.6
3332,86.5
3333,92.81
3334,90.01
3335,87.07
3336,80.05
3337,71.67
3338,61.67
3339,61.9
3340,59.95
3341,58.7
3342,65.79
3343,79.91
3344,90.23
3345,94.9
3346,87.78
3347,73.05
3348,69.17
3349,59.36
3350,56
3351,54.07
3352,55.95
3353,57.2
3354,59.84
3355,74.74
3356,85.93
3357,87.08
3358,78.97
3359,76.96
3360,58.93
3361,37.24
3362,22.9
3363,14.29
3364,7.83
3365,7.08
3366,20.99
3367,51.14
3368,65
3369,66.22
3370,53.41
3371,37.57
3372,22.45
3373,13.99
3374,0.67
3375,-9.47
3376,-5.83
3377,2.33
3378,16.01
3379,47.57
3380,60.23
3381,63.92
3382,58.8
3383,55.1
3384,42.69
3385,20.04
3386,4.07
3387,0.89
3388,0.03
3389,-0.05
3390,-0.54
3391,-0.94
3392,-0.09
3393,-0.11
3394,-8.16
3395,-33.57
3396,-49.91
3397,-50.73
3398,-68
3399,-69
3400,-62.83
3401,-49.98
3402,-16.56
3403,6.98
3404,40.95
3405,45.72
3406,48.8
3407,47.44
3408,26.61
3409,23.24
3410,15.47
3411,16.82
3412,7.35
3413,10.31
3414,5.08
3415,5.03
3416,14.96
3417,13.16
3418,13.74
3419,6.58
3420,2.78
3421,0.08
3422,-7.83
3423,-24.93
3424,-25
3425,-8.02
3426,11.7
3427,55.59
3428,77.19
3429,80.34
3430,77.41
3431,74.85
3432,61.58
3433,53.91
3434,25.63
3435,20.22
3436,15.65
3437,11.97
3438,16.54
3439,21.86
3440,26.97
3441,36
3442,22.52
3443,0.35
3444,-0.03
3445,0
3446,2.11
3447,10
3448,16.1
3449,29.44
3450,52.7
3451,72.11
3452,76.23
3453,70.71
3454,62.92
3455,62.03
3456,53.55
3457,52.64
3458,48.78
3459,46.15
3460,42.01
3461,40.94
3462,48.53
3463,66.4
3464,81.98
3465,84.65
3466,76.79
3467,66
3468,62.03
3469,55.51
3470,47.97
3471,42.04
3472,40.3
3473,42.48
3474,50.09
3475,65.48
3476,76.31
3477,77.98
3478,77.19
3479,77.09
3480,65.39
3481,61.25
3482,54.76
3483,52.03
3484,51.15
3485,52.28
3486,59.74
3487,76.68
3488,84.59
3489,83.56
3490,73.57
3491,68.87
3492,70.78
3493,64.87
3494,60.03
3495,53.86
3496,53.56
3497,54.17
3498,60.65
3499,74.52
3500,80
3501,80
3502,77.26
3503,75.28
3504,51.08
3505,60.13
3506,58.15
3507,56.37
3508,52.71
3509,52.9
3510,60.75
3511,77
3512,84.47
3513,86.45
3514,79.79
3515,79.13
3516,78.07
3517,74.95
3518,65.32
3519,60.77
3520,60.45
3521,60.91
3522,69.62
3523,79.96
3524,85.99
3525,88.87
3526,85.91
3527,84.04
3528,79.71
3529,71.34
3530,63
3531,61.59
3532,62.03
3533,64.64
3534,67.93
3535,81.36
3536,93.01
3537,92.42
3538,84.38
3539,80.09
3540,79.03
3541,73.29
3542,60.61
3543,58.34
3544,60
3545,61.02
3546,72.09
3547,77.99
3548,83.67
3549,82.9
3550,80.1
3551,80.03
3552,75.59
3553,70.89
3554,68.37
3555,67.07
3556,64.77
3557,64.09
3558,62.42
3559,63.77
3560,64.91
3561,65
3562,63.94
3563,58.47
3564,52.2
3565,47.96
3566,31.03
3567,15.01
3568,15.83
3569,28.27
3570,45.95
3571,58.05
3572,67.9
3573,71.85
3574,72.02
3575,70.99
3576,64.95
3577,59.9
3578,55.07
3579,50.66
3580,48.9
3581,48.92
3582,47.61
3583,45.71
3584,45
3585,39.4
3586,31.96
3587,17.59
3588,8
3589,6.08
3590,-3.05
3591,-16.86
3592,-9.9
3593,-0.93
3594,17.47
3595,50.06
3596,67.89
3597,78.08
3598,79.29
3599,75.43
3600,66.07
3601,59.6
3602,57.3
3603,56.22
3604,55.02
3605,58.49
3606,59.89
3607,76.72
3608,85.98
3609,86.73
3610,77.9
3611,63.38
3612,60.69
3613,59.1
3614,55.26
3615,54.05
3616,54.69
3617,53.94
3618,62.3
3619,76
3620,85.14
3621,86
3622,82
3623,79.9
3624,72.67
3625,61.98
3626,58.94
3627,56.5
3628,56.23
3629,56.95
3630,62
3631,78.99
3632,85.79
3633,87.1
3634,78.2
3635,64.95
3636,61.1
3637,58.13
3638,56.12
3639,55.4
3640,56.91
3641,58.13
3642,70.58
3643,79.36
3644,86.7
3645,85.14
3646,80.5
3647,75.31
3648,67.08
3649,65
3650,61.37
3651,59.18
3652,60
3653,59.89
3654,63.71
3655,78.49
3656,81.6
3657,81.12
3658,72.34
3659,62.44
3660,57.3
3661,55.72
3662,54.02
3663,53.83
3664,53.9
3665,56.87
3666,67.45
3667,78.48
3668,83.34
3669,82.91
3670,78.17
3671,73.93
3672,59.39
3673,57.88
3674,54.08
3675,54
3676,50.5
3677,52.57
3678,54.08
3679,54.1
3680,62.44
3681,59.98
3682,58.66
3683,53.94
3684,51.96
3685,50.44
3686,51.63
3687,54.84
3688,59.11
3689,65.74
3690,69.3
3691,75
3692,81.99
3693,82.03
3694,80.14
3695,79.32
3696,73.4
3697,66.41
3698,62.92
3699,60.04
3700,60.1
3701,59
3702,61.32
3703,75.98
3704,82.99
3705,85.9
3706,81.45
3707,75.58
3708,74.88
3709,69.95
3710,63.01
3711,62.91
3712,63.93
3713,67
3714,75.9
3715,79.91
3716,81.95
3717,81.69
3718,80
3719,78.21
3720,72.09
3721,74.87
3722,65.25
3723,59.01
3724,56.96
3725,56.03
3726,56.04
3727,56.07
3728,59.07
3729,66.02
3730,67.99
3731,57.73
3732,58.03
3733,58.83
3734,55.49
3735,52.4
3736,53.8
3737,55.25
3738,60.48
3739,70.6
3740,75.62
3741,76.01
3742,75.6
3743,72.37
3744,61.86
3745,58.89
3746,58.08
3747,57.74
3748,57.22
3749,54.39
3750,51.63
3751,52.1
3752,52.7
3753,57.12
3754,57.89
3755,57.76
3756,58.44
3757,58.16
3758,55.41
3759,48
3760,47.61
3761,50.68
3762,57.69
3763,60.02
3764,69.12
3765,76.38
3766,77.08
3767,80.1
3768,72.29
3769,66
3770,60.22
3771,60.8
3772,59.97
3773,60.3
3774,63.22
3775,80.19
3776,85.94
3777,90
3778,86
3779,82.55
3780,81
3781,79.95
3782,77.73
3783,76.15
3784,76.97
3785,77.25
3786,79.55
3787,83.18
3788,88
3789,89.95
3790,87.24
3791,84.95
3792,79
3793,71.35
3794,64.21
3795,63.48
3796,61.97
3797,62.36
3798,66.42
3799,80.07
3800,90.03
3801,93.85
3802,85.32
3803,80.02
3804,77.44
3805,72.6
3806,65.78
3807,65.06
3808,68.03
3809,74.47
3810,79.33
3811,83.79
3812,92.33
3813,99.32
3814,87.24
3815,83.96
3816,77.66
3817,68.48
3818,66.04
3819,64.59
3820,64
3821,64.9
3822,67
3823,80.15
3824,86.44
3825,88.11
3826,82.31
3827,76.81
3828,71.97
3829,68.22
3830,70
3831,68.63
3832,71.76
3833,72.42
3834,78.32
3835,82.99
3836,96.97
3837,98.51
3838,90.06
3839,85
3840,77.98
3841,78.58
3842,72.7
3843,68.33
3844,65.6
3845,66.09
3846,69.32
3847,80.91
3848,89.27
3849,92.5
3850,84.59
3851,74.44
3852,79.36
3853,82.18
3854,66.05
3855,65.2
3856,66.25
3857,71.5
3858,81.7
3859,86.01
3860,97.19
3861,95.88
3862,90.13
3863,87.25
3864,80.97
3865,81.75
3866,74.87
3867,68.1
3868,66.58
3869,66.33
3870,70.15
3871,88.03
3872,97.69
3873,92.26
3874,85.05
3875,76.92
3876,74
3877,75.43
3878,67.98
3879,65.49
3880,64.87
3881,67.45
3882,76.96
3883,82.98
3884,88.07
3885,89.92
3886,88.07
3887,85.46
3888,79.88
3889,78.56
3890,70.58
3891,65.98
3892,60.38
3893,56.22
3894,56.49
3895,57.24
3896,64.58
3897,64.94
3898,61.47
3899,48.91
3900,31.38
3901,12.11
3902,-2.06
3903,-21.8
3904,-26.2
3905,-12.97
3906,0.07
3907,20.4
3908,44.65
3909,54.04
3910,57.86
3911,54.91
3912,42.48
3913,25
3914,10.19
3915,7.23
3916,4.99
3917,4.55
3918,3.04
3919,3.76
3920,8.26
3921,4.05
3922,2.52
3923,0.01
3924,0.01
3925,-0.01
3926,-23.4
3927,-36.72
3928,-21.01
3929,-1.97
3930,7.62
3931,60.15
3932,77.69
3933,83.64
3934,87.03
3935,83.99
3936,75.01
3937,68.56
3938,62.83
3939,60.27
3940,59.93
3941,59.77
3942,63.13
3943,83.97
3944,96.23
3945,93
3946,83.7
3947,68.79
3948,61.99
3949,51.91
3950,50.8
3951,50.89
3952,59.71
3953,68.47
3954,82.08
3955,88.85
3956,95
3957,102.28
3958,95
3959,90
3960,84.18
3961,78.22
3962,71.52
3963,69.1
3964,68.03
3965,68.18
3966,71.09
3967,87.28
3968,93.55
3969,96.81
3970,90
3971,83.99
3972,81.4
3973,74.99
3974,72.01
3975,71.9
3976,73
3977,79.01
3978,85.6
3979,94.6
3980,100
3981,100
3982,97.36
3983,91.77
3984,83.14
3985,77.59
3986,70.77
3987,70.95
3988,66.9
3989,68.57
3990,70.98
3991,85.58
3992,99.29
3993,100
3994,91.95
3995,83.99
3996,77.9
3997,73.78
3998,75.06
3999,79.99
4000,80.97
4001,85.5
4002,92.64
4003,102.53
4004,118.05
4005,111.53
4006,100.84
4007,87.97
4008,66.76
4009,66.28
4010,66
4011,64.13
4012,62.67
4013,62.8
4014,65.08
4015,71.72
4016,94.08
4017,99
4018,87.56
4019,78.17
4020,67.8
4021,61.88
4022,58.83
4023,58.35
4024,60.03
4025,70.39
4026,84.77
4027,92.95
4028,112.23
4029,103.46
4030,98.91
4031,91.03
4032,82.17
4033,74.65
4034,69.97
4035,67.07
4036,65.19
4037,66.09
4038,70.1
4039,85.57
4040,97.05
4041,100.02
4042,95
4043,84.1
4044,81
4045,74.59
4046,64.78
4047,67.15
4048,67.7
4049,66
4050,83.85
4051,91.1
4052,97
4053,96.91
4054,92.37
4055,85.86
4056,79.75
4057,80.17
4058,74.23
4059,71.35
4060,70.07
4061,67.3
4062,64.91
4063,66.04
4064,73.5
4065,74.37
4066,64.93
4067,58.38
4068,54.8
4069,52.6
4070,49.37
4071,50.38
4072,59.69
4073,62.49
4074,73
4075,81
4076,89
4077,92.75
4078,89.98
4079,83.98
4080,78.05
4081,76.01
4082,66.8
4083,63.04
4084,60.03
4085,54.93
4086,50.09
4087,50.11
4088,52.76
4089,55
4090,55
4091,50.2
4092,45.63
4093,39.85
4094,27.2
4095,23.72
4096,26.99
4097,48.1
4098,60.48
4099,70.05
4100,84.35
4101,86.21
4102,86.7
4103,88.13
4104,81
4105,65.99
4106,62.96
4107,61.03
4108,58.9
4109,58.62
4110,62.5
4111,76.1
4112,88.94
4113,92
4114,90
4115,86.28
4116,82
4117,78.48
4118,69.93
4119,67.34
4120,72.05
4121,75.13
4122,82.94
4123,88.97
4124,93.79
4125,94.07
4126,91.27
4127,86.09
4128,77.8
4129,74.03
4130,68.38
4131,66.8
4132,65.68
4133,64.84
4134,67.67
4135,83.08
4136,93.76
4137,96
4138,93.65
4139,90.97
4140,90.1
4141,88.48
4142,83.9
4143,80.07
4144,81.73
4145,82.41
4146,89.95
4147,97.59
4148,100.46
4149,100.1
4150,96.87
4151,90.68
4152,82.94
4153,72.59
4154,72.53
4155,70.29
4156,70.09
4157,71.18
4158,75.01
4159,87.85
4160,109.93
4161,120
4162,103.93
4163,93.35
4164,92.08
4165,91.13
4166,87.55
4167,84.82
4168,79.67
4169,83.61
4170,90.96
4171,106.44
4172,139.72
4173,133.38
4174,112.47
4175,93.35
4176,86.34
4177,80.89
4178,79.29
4179,76.19
4180,73.31
4181,75.44
4182,78.76
4183,91.47
4184,104.23
4185,119.81
4186,115.97
4187,99.99
4188,95
4189,90.16
4190,88.05
4191,85.74
4192,84.96
4193,87.75
4194,95.94
4195,108.39
4196,129.54
4197,124.37
4198,107.37
4199,94.32
4200,88.91
4201,84.63
4202,79.62
4203,76.99
4204,75.44
4205,75.77
4206,78.3
4207,89.8
4208,100.54
4209,105.51
4210,95.02
4211,93.07
4212,89.06
4213,86.45
4214,80.07
4215,79.26
4216,78.96
4217,79.83
4218,93.27
4219,107.96
4220,105.99
4221,109.08
4222,100.72
4223,98.38
4224,89.71
4225,88.94
4226,84.33
4227,84.3
4228,81.19
4229,75.48
4230,74.03
4231,82.6
4232,81.54
4233,82.8
4234,81.52
4235,75.24
4236,73.37
4237,71.17
4238,68.97
4239,65.74
4240,64.87
4241,66.1
4242,69.74
4243,83.78
4244,94.24
4245,95.95
4246,95.29
4247,91.03
4248,84.78
4249,76.89
4250,71
4251,68.05
4252,68.18
4253,68.16
4254,65.92
4255,66.07
4256,65.03
4257,62.29
4258,59.61
4259,52.89
4260,52.96
4261,49.58
4262,31.51
4263,21.73
4264,27.18
4265,45.05
4266,67.03
4267,80.55
4268,90.85
4269,95
4270,93.68
4271,92.91
4272,86.96
4273,81.2
4274,73.38
4275,70.2
4276,68.92
4277,69.15
4278,74
4279,94.29
4280,103.18
4281,98.49
4282,94.24
4283,89.7
4284,86.95
4285,86.74
4286,78.47
4287,76.4
4288,81.2
4289,84.96
4290,90.45
4291,99.62
4292,123.96
4293,117.96
4294,98.98
4295,97.49
4296,89.59
4297,81.03
4298,76.33
4299,74.98
4300,73.45
4301,74.52
4302,78.46
4303,93.79
4304,103.48
4305,111.03
4306,104.04
4307,99.14
4308,97.62
4309,95.25
4310,92.98
4311,90.02
4312,88.39
4313,89
4314,97.64
4315,100.04
4316,103.4
4317,99.06
4318,96.33
4319,94.97
4320,84.59
4321,80.82
4322,79.02
4323,75.63
4324,74.13
4325,74.03
4326,78.03
4327,95.86
4328,102.15
4329,108
4330,106.37
4331,107.56
4332,102.23
4333,99
4334,96.08
4335,92.43
4336,87.29
4337,87.36
4338,94.44
4339,100.27
4340,99.97
4341,98.97
4342,97.02
4343,96.01
4344,84.36
4345,81.57
4346,75.9
4347,73.73
4348,72.01
4349,71.24
4350,73.96
4351,84.91
4352,95.95
4353,98.5
4354,96.4
4355,94.96
4356,96.51
4357,93.51
4358,90.19
4359,85.67
4360,85
4361,85.68
4362,95.91
4363,99.98
4364,103.77
4365,100.34
4366,99.51
4367,98.17
4368,91.99
4369,90.77
4370,85.36
4371,82.18
4372,82.35
4373,83.22
4374,86.68
4375,102
4376,112
4377,122.5
4378,107.24
4379,102.54
4380,100
4381,99.61
4382,89.84
4383,82.37
4384,82.53
4385,82.57
4386,94.23
4387,99.98
4388,110
4389,109.49
4390,105.55
4391,105.02
4392,99.98
4393,92.64
4394,84.39
4395,80.9
4396,77.57
4397,74.05
4398,74.06
4399,78.97
4400,81.45
4401,83.03
4402,79.34
4403,74.06
4404,70
4405,67.04
4406,65
4407,66.6
4408,73
4409,75.2
4410,85.45
4411,95.44
4412,106.96
4413,107.43
4414,106.97
4415,106.95
4416,100
4417,94.18
4418,86.74
4419,80.05
4420,75.61
4421,75.03
4422,73.99
4423,74.5
4424,75.42
4425,78.68
4426,77.08
4427,75.24
4428,78.03
4429,78.02
4430,74
4431,69.26
4432,69.07
4433,77.03
4434,83.07
4435,93.85
4436,99.54
4437,100
4438,102.09
4439,104.92
4440,95.73
4441,81.55
4442,75.22
4443,74.01
4444,72.01
4445,71.54
4446,74.09
4447,91.57
4448,101.93
4449,105.69
4450,103.55
4451,101
4452,100.09
4453,97.91
4454,94.23
4455,88.93
4456,83.93
4457,87.8
4458,99.36
4459,105.6
4460,114.99
4461,118
4462,110.74
4463,103.96
4464,94.58
4465,86.8
4466,78.09
4467,73.14
4468,70.87
4469,67.94
4470,71.58
4471,82.54
4472,96.59
4473,97.06
4474,87.29
4475,76.8
4476,70.34
4477,60.07
4478,59.91
4479,58.51
4480,62.74
4481,68.43
4482,75.49
4483,91.46
4484,99.94
4485,103.47
4486,103.97
4487,101.91
4488,91.28
4489,82.34
4490,75.06
4491,75.07
4492,75.1
4493,75.07
4494,79.73
4495,96.46
4496,104.78
4497,108.31
4498,104.93
4499,100.23
4500,99.59
4501,97.65
4502,97.36
4503,96.98
4504,96.87
4505,96.37
4506,100.29
4507,113.57
4508,133.48
4509,130.13
4510,120.61
4511,114.91
4512,103.65
4513,89.34
4514,83.08
4515,80.38
4516,79.62
4517,79.49
4518,82.46
4519,105.92
4520,120.46
4521,121.69
4522,117.93
4523,110.01
4524,108.36
4525,105.07
4526,102.8
4527,106.99
4528,115.69
4529,117.6
4530,123.29
4531,137.99
4532,150
4533,147
4534,124.1
4535,111.04
4536,96.7
4537,87.97
4538,78.07
4539,76.84
4540,75.15
4541,75.24
4542,77.81
4543,92.88
4544,104.49
4545,107.97
4546,104.62
4547,105.46
4548,102.38
4549,95
4550,91.92
4551,87
4552,83.21
4553,82.5
4554,88.15
4555,94.47
4556,97.68
4557,98.25
4558,98.43
4559,96.69
4560,91.98
4561,84.73
4562,80.86
4563,75.75
4564,74.04
4565,72.87
4566,72.45
4567,74.02
4568,80.02
4569,80.41
4570,79.22
4571,74.73
4572,68.5
4573,70.03
4574,65.81
4575,68.83
4576,70.4
4577,73
4578,81.31
4579,93.16
4580,97.91
4581,99.19
4582,100.05
4583,98.5
4584,95
4585,87.4
4586,79.09
4587,75.14
4588,70.13
4589,68.72
4590,68.69
4591,68.63
4592,70.02
4593,71.56
4594,72
4595,71.28
4596,73.45
4597,73
4598,68.09
4599,64
4600,65.22
4601,67.98
4602,73.75
4603,80.85
4604,94.25
4605,99.76
4606,103.1
4607,103.63
4608,96.02
4609,83.4
4610,76.04
4611,74
4612,72.92
4613,73.06
4614,76.12
4615,94.83
4616,105.62
4617,106.01
4618,101.8
4619,95.94
4620,94.99
4621,91.16
4622,87
4623,86.47
4624,88.89
4625,91.7
4626,99.93
4627,108.45
4628,120.49
4629,112.41
4630,103.9
4631,102.26
4632,95.44
4633,88.61
4634,83.4
4635,81.02
4636,76.96
4637,76.95
4638,84.47
4639,98.01
4640,104.03
4641,109.88
4642,106
4643,102.51
4644,104.31
4645,99.39
4646,97.96
4647,95.28
4648,92.17
4649,91.92
4650,98.79
4651,103.76
4652,105
4653,100.29
4654,98.52
4655,95.03
4656,86.1
4657,78
4658,75.2
4659,72.86
4660,72.67
4661,74.38
4662,78.85
4663,95.34
4664,104.98
4665,111.11
4666,110.07
4667,103.32
4668,101.15
4669,95.41
4670,88.55
4671,79.05
4672,74.44
4673,71.18
4674,81.87
4675,91.83
4676,93.46
4677,94.33
4678,88.11
4679,85.5
4680,75.68
4681,77.95
4682,76.83
4683,75.81
4684,75.72
4685,78
4686,81.44
4687,97.74
4688,105
4689,105
4690,103.17
4691,101.23
4692,100.83
4693,94.79
4694,90.86
4695,85
4696,79.98
4697,78.12
4698,90.61
4699,94.64
4700,96.7
4701,96.3
4702,91.91
4703,90.86
4704,85.17
4705,79.14
4706,74.91
4707,73.13
4708,71.81
4709,72.62
4710,76.73
4711,93.88
4712,101.87
4713,101.59
4714,97.91
4715,93.37
4716,90.42
4717,89.06
4718,78.01
4719,74.15
4720,70.28
4721,71.26
4722,77.91
4723,90
4724,96.93
4725,96.93
4726,94.9
4727,91.17
4728,81.17
4729,72.87
4730,70.01
4731,66.02
4732,60.38
4733,57.48
4734,56.86
4735,62.27
4736,70.08
4737,75.56
4738,73.84
4739,70.1
4740,66.72
4741,55.65
4742,48.23
4743,30.08
4744,16.92
4745,29.01
4746,51.07
4747,68.03
4748,77.56
4749,81.06
4750,78.11
4751,75.62
4752,67.03
4753,62.3
4754,55.75
4755,50.86
4756,50.17
4757,45.49
4758,46.33
4759,50.83
4760,55.49
4761,54.82
4762,46.57
4763,35.33
4764,25.78
4765,19.56
4766,0.1
4767,-1.04
4768,-5
4769,0.01
4770,22.5
4771,58.02
4772,74.62
4773,79.92
4774,85.03
4775,94.19
4776,91.13
4777,73.1
4778,67.2
4779,64.4
4780,64.83
4781,65.72
4782,73.48
4783,95.3
4784,100
4785,105.05
4786,98.99
4787,95
4788,93.1
4789,89.36
4790,83.48
4791,78.4
4792,77.95
4793,85.11
4794,93.7
4795,100
4796,110
4797,115.2
4798,110.02
4799,103.86
4800,97.78
4801,85.7
4802,81.31
4803,79.7
4804,77.38
4805,77.93
4806,80.9
4807,99.03
4808,114.85
4809,111.36
4810,102.11
4811,93.01
4812,88.92
4813,85
4814,78.3
4815,75.87
4816,78.45
4817,80.3
4818,86.52
4819,98.34
4820,106
4821,112.7
4822,109.97
4823,106
4824,91
4825,82.01
4826,78.18
4827,76.15
4828,76.5
4829,76.3
4830,80
4831,93.26
4832,106.56
4833,108.45
4834,95.91
4835,87.07
4836,79.98
4837,79.61
4838,76.44
4839,75.93
4840,77.04
4841,82.63
4842,90.73
4843,101.78
4844,113.59
4845,111.44
4846,110
4847,104.59
4848,95.5
4849,83.01
4850,77.36
4851,75.99
4852,75.01
4853,74.12
4854,78.1
4855,95.06
4856,103.77
4857,105.25
4858,96.92
4859,88.08
4860,85.37
4861,81.32
4862,78.59
4863,75.64
4864,74
4865,79.92
4866,87.98
4867,95.96
4868,102
4869,105
4870,102.03
4871,97.06
4872,83.94
4873,86.03
4874,80.1
4875,76.49
4876,75.1
4877,76.67
4878,83.03
4879,94.42
4880,105.63
4881,106.91
4882,98.06
4883,93.01
4884,89.95
4885,88.09
4886,79.19
4887,74.51
4888,75.01
4889,75.8
4890,85.45
4891,93.55
4892,103.42
4893,106.01
4894,99.72
4895,95.15
4896,89.92
4897,85
4898,80.42
4899,76.3
4900,71.28
4901,70.33
4902,69.87
4903,71.3
4904,75.86
4905,78.3
4906,78.81
4907,75.53
4908,72.03
4909,70.3
4910,64.04
4911,63.1
4912,65.01
4913,68.91
4914,77.72
4915,85.07
4916,90.21
4917,90.04
4918,87
4919,79.5
4920,72.4
4921,59.06
4922,54.24
4923,53.51
4924,49.06
4925,49.09
4926,49.1
4927,49.08
4928,49.15
4929,53.58
4930,52.41
4931,49.23
4932,50.3
4933,49.9
4934,48.56
4935,46.74
4936,47.85
4937,49.65
4938,67.17
4939,80.4
4940,87.77
4941,91.46
4942,91.85
4943,91.86
4944,85.93
4945,75.4
4946,72.6
4947,69.94
4948,69.07
4949,72.44
4950,76.44
4951,90.54
4952,99.96
4953,102
4954,99.06
4955,91.68
4956,89.98
4957,86.83
4958,82.4
4959,81.99
4960,83.43
4961,83.41
4962,91.73
4963,103.41
4964,109
4965,109
4966,104.82
4967,95
4968,83.94
4969,80.08
4970,75.3
4971,72.55
4972,72.17
4973,71.02
4974,76.02
4975,91.15
4976,99.92
4977,100.98
4978,89.27
4979,84.08
4980,83.67
4981,83
4982,79.43
4983,78
4984,79.8
4985,82.86
4986,92.75
4987,101.44
4988,111.94
4989,107.79
4990,104.74
4991,93.99
4992,81.42
4993,82.59
4994,75.41
4995,71.1
4996,74.04
4997,74.41
4998,76.81
4999,94.92
5000,109.29
5001,111.86
5002,94.95
5003,85.08
5004,80.01
5005,71.03
5006,60.79
5007,58.62
5008,56.36
5009,54.6
5010,64.14
5011,81.29
5012,91.13
5013,94.93
5014,88.26
5015,83.02
5016,71.49
5017,55.58
5018,50.1
5019,45.98
5020,43.43
5021,44.71
5022,50.85
5023,59.67
5024,69.23
5025,65.94
5026,48.59
5027,9.83
5028,0.07
5029,0
5030,-4.95
5031,-8.86
5032,-1.09
5033,0.09
5034,44.69
5035,74.98
5036,91.35
5037,94.26
5038,95.98
5039,92.95
5040,82.95
5041,62.13
5042,52.94
5043,50.07
5044,46.86
5045,46.21
5046,56.89
5047,72.1
5048,78.73
5049,80.14
5050,63.11
5051,56.18
5052,50.31
5053,48.7
5054,43.48
5055,40.27
5056,43.5
5057,46.86
5058,63.81
5059,75.26
5060,106
5061,116.17
5062,101
5063,85
5064,69.62
5065,59
5066,53.63
5067,41.76
5068,38.95
5069,35.92
5070,33.37
5071,40.43
5072,40.57
5073,36.21
5074,14.76
5075,0.01
5076,-0.07
5077,-9.94
5078,-20.03
5079,-20.06
5080,-18.96
5081,-1.38
5082,9.44
5083,50.61
5084,65.53
5085,69.93
5086,70.91
5087,65.56
5088,59.6
5089,52.82
5090,49.33
5091,49.42
5092,49.79
5093,50
5094,52.35
5095,50.02
5096,56.89
5097,57.79
5098,57.76
5099,59.16
5100,59.25
5101,60.1
5102,56.03
5103,50.06
5104,48.94
5105,50.87
5106,60.59
5107,68.52
5108,75.92
5109,80
5110,76.01
5111,72.93
5112,60.3
5113,61.56
5114,56.05
5115,54.71
5116,51.24
5117,51.26
5118,59.24
5119,82.18
5120,89.92
5121,97.47
5122,87.74
5123,82.8
5124,79.95
5125,76.83
5126,70.08
5127,64.2
5128,68.67
5129,69.97
5130,82.35
5131,95.6
5132,108.41
5133,116.7
5134,117.52
5135,104.97
5136,92.91
5137,85.42
5138,78.59
5139,77.79
5140,75.03
5141,75.01
5142,78.78
5143,100.82
5144,130
5145,118.52
5146,104.06
5147,96.23
5148,95.21
5149,94.79
5150,88.96
5151,85.48
5152,85.42
5153,87.93
5154,99.79
5155,115.42
5156,119.52
5157,117.76
5158,110
5159,104.9
5160,90.82
5161,86.1
5162,80.23
5163,77.02
5164,76.65
5165,77.8
5166,83.48
5167,96.25
5168,108.23
5169,123.04
5170,114.68
5171,110.77
5172,101.98
5173,98.44
5174,95.91
5175,90.83
5176,90.02
5177,88.91
5178,95.97
5179,107.46
5180,128.94
5181,124
5182,110.1
5183,99.22
5184,90.03
5185,85.53
5186,80.99
5187,78.15
5188,78.15
5189,78.76
5190,82.95
5191,98.04
5192,125.1
5193,126.2
5194,115.29
5195,108.14
5196,101
5197,99
5198,88.79
5199,82.99
5200,81.48
5201,85.11
5202,91.66
5203,107.48
5204,110.95
5205,111.74
5206,97.13
5207,83
5208,70.6
5209,65.03
5210,63.5
5211,62.97
5212,64.07
5213,64.23
5214,66.45
5215,81.43
5216,90
5217,94.98
5218,86.13
5219,77.52
5220,69.08
5221,64.74
5222,59.15
5223,54.64
5224,55.28
5225,58.93
5226,65.21
5227,77.96
5228,85
5229,84.27
5230,80.98
5231,79.24
5232,67.55
5233,64.53
5234,59.03
5235,57.78
5236,57.01
5237,58.07
5238,60.76
5239,60.84
5240,62.83
5241,64.14
5242,59.9
5243,56.14
5244,53.7
5245,53.53
5246,51.56
5247,53.54
5248,53.52
5249,57.01
5250,69.08
5251,77
5252,80.08
5253,75.1
5254,69
5255,64.19
5256,58.02
5257,16.02
5258,1.27
5259,0.67
5260,0.59
5261,0.07
5262,0.04
5263,0.04
5264,-0.29
5265,-0.17
5266,-4.37
5267,-9.96
5268,-14
5269,-20.08
5270,-43.3
5271,-63.03
5272,-52.43
5273,-28.59
5274,-4.34
5275,40.74
5276,62
5277,68.05
5278,65.9
5279,63.73
5280,56.58
5281,44.04
5282,39.2
5283,38.27
5284,31.92
5285,37.5
5286,50.88
5287,72.23
5288,82.39
5289,86.9
5290,79.13
5291,65.49
5292,58.02
5293,59.32
5294,54.24
5295,50.85
5296,54.97
5297,56.95
5298,74.96
5299,91.37
5300,102.91
5301,107.61
5302,103
5303,96.34
5304,83.65
5305,73.65
5306,70.96
5307,67.29
5308,65.06
5309,67.24
5310,70.51
5311,85.96
5312,105.23
5313,115
5314,106.35
5315,97.28
5316,88.12
5317,84.6
5318,79.91
5319,74.07
5320,75.49
5321,80.35
5322,89.51
5323,104.54
5324,116.29
5325,137.17
5326,120
5327,111.6
5328,92.25
5329,91.07
5330,85.1
5331,83.93
5332,82.1
5333,82.32
5334,88.51
5335,107.96
5336,134.04
5337,121.61
5338,108.98
5339,92.97
5340,88.63
5341,84.6
5342,82.21
5343,80.29
5344,82.96
5345,88.05
5346,104.47
5347,115
5348,128.46
5349,140.02
5350,125.01
5351,117
5352,103
5353,96.67
5354,91.7
5355,90.05
5356,87
5357,84.64
5358,87.02
5359,106.92
5360,120
5361,120.77
5362,109
5363,102.72
5364,98.06
5365,95
5366,91.94
5367,92.99
5368,94.95
5369,100.91
5370,111.4
5371,126.79
5372,145
5373,144
5374,133.37
5375,119
5376,107.12
5377,94.87
5378,85.37
5379,81.01
5380,79.96
5381,81.3
5382,85.26
5383,113
5384,124
5385,121.93
5386,109.66
5387,99.98
5388,88.02
5389,83.75
5390,74.05
5391,72.04
5392,71.86
5393,72.58
5394,86.13
5395,104.91
5396,117.48
5397,115.68
5398,115.77
5399,106.91
5400,92.19
5401,78.02
5402,75.66
5403,71.55
5404,69.45
5405,69.06
5406,69.2
5407,69.7
5408,73.51
5409,75.02
5410,73.86
5411,63.26
5412,58.08
5413,50.44
5414,1.48
5415,0
5416,9.89
5417,50.35
5418,58.85
5419,76.96
5420,86.94
5421,88.56
5422,87.9
5423,85.03
5424,78.08
5425,73.7
5426,69.88
5427,64.92
5428,62.43
5429,59.72
5430,59.98
5431,59.01
5432,58.34
5433,57.53
5434,53.54
5435,53.67
5436,53.05
5437,52.95
5438,30.06
5439,12.5
5440,20.41
5441,51.32
5442,67.05
5443,82.5
5444,91.99
5445,94.95
5446,93.45
5447,86.77
5448,76.95
5449,68.19
5450,65.03
5451,62.08
5452,60.13
5453,60.82
5454,68.06
5455,90.25
5456,100.48
5457,96.73
5458,80
5459,69.84
5460,53.13
5461,58.1
5462,48.89
5463,42.74
5464,53.07
5465,53.15
5466,58.15
5467,71
5468,78.13
5469,79.12
5470,76.9
5471,68.4
5472,60.02
5473,59.64
5474,49.93
5475,39.94
5476,14.47
5477,33.88
5478,50.06
5479,64.35
5480,73.49
5481,69.09
5482,54.34
5483,46.62
5484,30.52
5485,28.91
5486,41.15
5487,39.99
5488,49.08
5489,54.18
5490,69.09
5491,85.36
5492,92.39
5493,92.71
5494,88.97
5495,81.03
5496,68.22
5497,61.65
5498,60.62
5499,61.83
5500,63.28
5501,62.83
5502,65.85
5503,80.05
5504,95.97
5505,98.1
5506,96.52
5507,97.2
5508,95.92
5509,83.69
5510,72.54
5511,68.01
5512,66.75
5513,66.77
5514,75.04
5515,88.38
5516,96
5517,95.74
5518,87.71
5519,80
5520,66.99
5521,65.6
5522,64.69
5523,62.69
5524,61.01
5525,60.54
5526,66.01
5527,83.9
5528,99.03
5529,102.02
5530,94.27
5531,89.91
5532,90.74
5533,92.65
5534,94.13
5535,89.9
5536,89.91
5537,91.93
5538,100.51
5539,114.94
5540,126.78
5541,128.12
5542,119.61
5543,110.07
5544,100
5545,95
5546,86.22
5547,83.73
5548,83.2
5549,83.96
5550,88.7
5551,103.11
5552,119
5553,124.74
5554,114
5555,106.99
5556,105
5557,99.11
5558,90
5559,85.18
5560,84.81
5561,90.01
5562,103.31
5563,113.27
5564,125.22
5565,126.14
5566,124.93
5567,110.69
5568,106
5569,102.51
5570,95.2
5571,88.52
5572,83.31
5573,81.41
5574,82.17
5575,90.2
5576,93.11
5577,96.43
5578,92.4
5579,81.95
5580,79.11
5581,78.79
5582,77.06
5583,76.59
5584,78.06
5585,79.99
5586,95.27
5587,107.92
5588,112.08
5589,112.17
5590,108
5591,106
5592,96.86
5593,84.91
5594,78.9
5595,74.99
5596,72.18
5597,70.05
5598,67.34
5599,67.9
5600,70.37
5601,74.47
5602,76.84
5603,76.16
5604,77.31
5605,76.44
5606,71.2
5607,68.8
5608,66.75
5609,68.6
5610,81.59
5611,88.02
5612,95
5613,97.96
5614,95.48
5615,90.1
5616,81.95
5617,76.15
5618,75.93
5619,75.7
5620,73.52
5621,75.85
5622,78.44
5623,94.39
5624,111.29
5625,115.94
5626,114.18
5627,106.98
5628,103.47
5629,99.44
5630,94
5631,85.69
5632,83.95
5633,83.95
5634,94.96
5635,105
5636,114.18
5637,110.99
5638,102.08
5639,93.92
5640,83.1
5641,80.75
5642,78.71
5643,78.4
5644,79.21
5645,80.77
5646,85.01
5647,100.2
5648,110.45
5649,122
5650,106.97
5651,101
5652,96
5653,88
5654,81.72
5655,80.43
5656,81.68
5657,88.09
5658,102.85
5659,109.52
5660,122.5
5661,119.44
5662,106.3
5663,100
5664,89.59
5665,82.89
5666,81.7
5667,81.36
5668,81.26
5669,80.45
5670,86.17
5671,101.31
5672,107.28
5673,106.94
5674,95.12
5675,84.46
5676,81.73
5677,74.03
5678,69.4
5679,63.34
5680,64.64
5681,71.84
5682,80.95
5683,90.79
5684,94.24
5685,96
5686,91.91
5687,81.73
5688,73.89
5689,74.1
5690,71.05
5691,70.98
5692,69.95
5693,71.95
5694,78.1
5695,96.07
5696,112
5697,124.65
5698,113.35
5699,104.23
5700,102.35
5701,100.15
5702,91.62
5703,85.56
5704,82.22
5705,79.85
5706,91.21
5707,100.91
5708,107.63
5709,109
5710,102.91
5711,95.92
5712,87
5713,87.12
5714,80.72
5715,79.74
5716,78.48
5717,78.09
5718,83.98
5719,101.63
5720,113
5721,117.19
5722,108.97
5723,104.82
5724,102.54
5725,99.59
5726,91.9
5727,84.31
5728,82.32
5729,84.8
5730,96.6
5731,104.8
5732,113.74
5733,113.07
5734,104.8
5735,99.9
5736,89.67
5737,88.75
5738,81.31
5739,77.7
5740,76.12
5741,77.3
5742,76.62
5743,78.03
5744,85
5745,90.01
5746,91.55
5747,87.98
5748,86.08
5749,81.01
5750,75.27
5751,70.28
5752,68.22
5753,74.56
5754,92.96
5755,98.1
5756,100.49
5757,101.32
5758,96.09
5759,94.08
5760,84.44
5761,78.06
5762,73.57
5763,70.54
5764,68.75
5765,67.3
5766,69.38
5767,70.72
5768,73.35
5769,77.04
5770,80.72
5771,80.65
5772,83.61
5773,82.84
5774,78.24
5775,74.91
5776,73.83
5777,74.78
5778,88.75
5779,95.98
5780,101.06
5781,101.66
5782,93.86
5783,91.65
5784,86.57
5785,79.7
5786,78.42
5787,76.57
5788,72.8
5789,73.95
5790,79.64
5791,110.17
5792,126
5793,131.92
5794,132.92
5795,128.53
5796,126.1
5797,122
5798,112.6
5799,104.94
5800,101
5801,100.99
5802,109.58
5803,116.74
5804,128.48
5805,130.04
5806,114.47
5807,106.64
5808,93.6
5809,94.87
5810,90.02
5811,87.54
5812,87.09
5813,88.78
5814,93.11
5815,115
5816,134.46
5817,137.02
5818,135.84
5819,125.13
5820,116.19
5821,113.61
5822,104.66
5823,97.2
5824,95.24
5825,95.51
5826,110.45
5827,123.81
5828,134.07
5829,134.9
5830,121.58
5831,106.12
5832,99.1
5833,94.78
5834,92.91
5835,91.21
5836,90.09
5837,93.12
5838,100.54
5839,118.7
5840,135.44
5841,140.72
5842,130
5843,116.99
5844,109.75
5845,103.88
5846,98
5847,94.98
5848,95.06
5849,97.61
5850,116.12
5851,131
5852,145.91
5853,144.93
5854,125.76
5855,114.39
5856,102.73
5857,98.41
5858,96.84
5859,95.25
5860,95.71
5861,96.64
5862,105.01
5863,128.94
5864,150
5865,146.38
5866,130.8
5867,118.92
5868,113
5869,107.84
5870,100.99
5871,97.97
5872,105.05
5873,112.44
5874,122.66
5875,138
5876,158.51
5877,154.94
5878,130.43
5879,118.69
5880,113.25
5881,101
5882,96.63
5883,95.6
5884,91.53
5885,90.89
5886,95.8
5887,122.46
5888,137.44
5889,134.7
5890,123.13
5891,109.03
5892,99.02
5893,89.62
5894,88.48
5895,88.39
5896,89.92
5897,92.32
5898,119.01
5899,131.57
5900,143.93
5901,143.38
5902,129.94
5903,120.96
5904,117.86
5905,114.15
5906,105.98
5907,98.05
5908,95.71
5909,95.66
5910,96.2
5911,103.8
5912,120.98
5913,122
5914,115.99
5915,95.66
5916,89.47
5917,89.51
5918,87.06
5919,84.16
5920,86.46
5921,89.27
5922,107.54
5923,127.33
5924,142.55
5925,142.4
5926,127.92
5927,122.81
5928,104.36
5929,109.21
5930,99.88
5931,95.35
5932,92.54
5933,92.04
5934,92.56
5935,93.81
5936,92.88
5937,93.44
5938,92.04
5939,88.68
5940,84.01
5941,81.47
5942,65.66
5943,60.06
5944,69.09
5945,84.9
5946,95.18
5947,127.45
5948,138.69
5949,139.07
5950,129
5951,121.99
5952,104.1
5953,105.32
5954,104.79
5955,101.85
5956,97.97
5957,100
5958,110
5959,135.97
5960,165
5961,160
5962,139.26
5963,128.04
5964,110.7
5965,105.57
5966,103.26
5967,105.49
5968,115.08
5969,128.67
5970,137.73
5971,150
5972,190.68
5973,181.72
5974,147.22
5975,132.66
5976,110.79
5977,110.72
5978,112
5979,108.52
5980,107.87
5981,107.98
5982,110.82
5983,141.96
5984,160.87
5985,164.44
5986,142.5
5987,134.51
5988,120.04
5989,108.63
5990,108.73
5991,108.28
5992,107.98
5993,113.07
5994,135.83
5995,145.9
5996,180
5997,164.01
5998,141.32
5999,126.5
6000,109.1
6001,115
6002,110
6003,106.62
6004,104.8
6005,109.44
6006,114.94
6007,145
6008,151.16
6009,149.96
6010,138
6011,124.17
6012,109.46
6013,106.03
6014,103.01
6015,103.93
6016,109.08
6017,117.52
6018,136.03
6019,149.75
6020,165.78
6021,152.36
6022,137.11
6023,125.01
6024,110.54
6025,107.73
6026,107.72
6027,105.03
6028,101.88
6029,103.16
6030,109.02
6031,138.38
6032,148.05
6033,149.43
6034,144.99
6035,137.64
6036,118.7
6037,110.06
6038,111.32
6039,113.3
6040,123.83
6041,137
6042,145.98
6043,157.7
6044,174.23
6045,168.48
6046,148
6047,139.86
6048,124.11
6049,119.01
6050,114.43
6051,113.88
6052,111.67
6053,113.82
6054,117.58
6055,145.45
6056,158.07
6057,162.27
6058,156.66
6059,149.22
6060,144.22
6061,140
6062,128
6063,120.52
6064,130.61
6065,140.09
6066,152.48
6067,159.18
6068,159.58
6069,159.31
6070,148.64
6071,141.52
6072,132.66
6073,140.16
6074,129.77
6075,115.96
6076,109.82
6077,110.02
6078,111.21
6079,130.06
6080,136.12
6081,143.46
6082,145.03
6083,141.32
6084,133.68
6085,122.02
6086,111.59
6087,106.08
6088,107.81
6089,112.36
6090,129.2
6091,146.98
6092,155.09
6093,153.9
6094,145.03
6095,138.68
6096,121.08
6097,105.05
6098,99.17
6099,99.02
6100,95.38
6101,97.57
6102,97.64
6103,95.59
6104,101.34
6105,106.41
6106,107.17
6107,101.92
6108,99.72
6109,93.94
6110,81.07
6111,69.68
6112,72.44
6113,87.13
6114,99.94
6115,136.37
6116,150
6117,154.17
6118,138.01
6119,129.07
6120,107.54
6121,113.01
6122,108.2
6123,103.92
6124,103.79
6125,104.85
6126,110.01
6127,152.08
6128,160.93
6129,166.71
6130,157
6131,147.93
6132,140.06
6133,118.84
6134,116.9
6135,119
6136,141.63
6137,150.93
6138,159.09
6139,183.45
6140,200.88
6141,193.21
6142,160.91
6143,147.15
6144,131.18
6145,122.23
6146,121.59
6147,113.83
6148,107.84
6149,110.03
6150,122.03
6151,155.51
6152,166.24
6153,172.69
6154,162.9
6155,152.15
6156,124.01
6157,121.06
6158,117.27
6159,125.43
6160,151.16
6161,158.72
6162,168
6163,184.55
6164,188.2
6165,174.25
6166,155.4
6167,144.65
6168,117.98
6169,135.08
6170,133.4
6171,128.95
6172,123.1
6173,128.01
6174,137.01
6175,166.94
6176,180.24
6177,192.11
6178,191.32
6179,187.42
6180,180.8
6181,180
6182,175.74
6183,175.76
6184,179.09
6185,179.97
6186,190
6187,192.78
6188,196.58
6189,190
6190,176.78
6191,162.98
6192,153.02
6193,131.45
6194,129.4
6195,117.17
6196,115.96
6197,115.19
6198,135.03
6199,169.72
6200,194
6201,197.81
6202,193.91
6203,186.68
6204,181
6205,155.36
6206,145.06
6207,130.94
6208,131.4
6209,133.82
6210,178.71
6211,188.11
6212,197.59
6213,198.02
6214,179.78
6215,170.42
6216,138.1
6217,127.33
6218,125.43
6219,123.11
6220,117.89
6221,125.92
6222,134.87
6223,169.27
6224,181.97
6225,188.17
6226,182.86
6227,175.33
6228,167.13
6229,160.3
6230,140.66
6231,140.66
6232,140.66
6233,140.66
6234,165.53
6235,181.94
6236,187.9
6237,185.2
6238,179.04
6239,171.27
6240,153.92
6241,149.59
6242,130.64
6243,125.43
6244,120.62
6245,115.02
6246,117.01
6247,127.06
6248,149.09
6249,162.5
6250,155.09
6251,132.88
6252,124.84
6253,115.96
6254,105.11
6255,105.1
6256,110.09
6257,125.94
6258,136.81
6259,169.97
6260,179.91
6261,178.97
6262,151.32
6263,123.73
6264,97.63
6265,81.71
6266,80.05
6267,77.6
6268,76.95
6269,72.82
6270,75.77
6271,76.61
6272,77.35
6273,81.58
6274,82.86
6275,80.17
6276,80.65
6277,82.83
6278,79.12
6279,74.16
6280,78.1
6281,83.75
6282,105.07
6283,149
6284,167.63
6285,170.63
6286,119.63
6287,108.76
6288,95.68
6289,101.79
6290,96.04
6291,98.74
6292,98.56
6293,93.87
6294,118.2
6295,161.33
6296,179.52
6297,188.64
6298,180
6299,172.67
6300,164
6301,155
6302,149.76
6303,142.28
6304,151.22
6305,162.88
6306,172.33
6307,179.98
6308,205
6309,185.8
6310,171.15
6311,154.53
6312,133.48
6313,130.12
6314,128.01
6315,121.34
6316,114.94
6317,119.04
6318,131.46
6319,170
6320,189.59
6321,190
6322,176.92
6323,160.1
6324,151.8
6325,145.06
6326,132.5
6327,129.71
6328,128.53
6329,132.5
6330,162.48
6331,174.88
6332,190
6333,182.87
6334,163.08
6335,141.3
6336,131.18
6337,105.21
6338,100.98
6339,97.25
6340,94.6
6341,100.04
6342,119.09
6343,174.51
6344,200
6345,213.81
6346,185.26
6347,170.15
6348,159.93
6349,151
6350,139.69
6351,132.32
6352,132.33
6353,139.97
6354,165.9
6355,183.79
6356,199.78
6357,176.82
6358,157.65
6359,113.35
6360,90.01
6361,95.52
6362,97.05
6363,84.23
6364,75.32
6365,70.06
6366,78.91
6367,120.02
6368,153.86
6369,139.44
6370,96.52
6371,68.35
6372,54.25
6373,23.57
6374,0.12
6375,0.08
6376,10.05
6377,53.17
6378,59.79
6379,92.01
6380,97.86
6381,92.16
6382,67.47
6383,68.61
6384,57.41
6385,63.36
6386,57.82
6387,57.83
6388,60.45
6389,67.86
6390,87.85
6391,150.1
6392,170.95
6393,176.95
6394,149.57
6395,137.54
6396,107.01
6397,89.26
6398,87.14
6399,82.1
6400,82.94
6401,88.23
6402,119.23
6403,166.3
6404,181.21
6405,148.84
6406,109.54
6407,90.43
6408,83.03
6409,99.59
6410,103.67
6411,102.09
6412,102.01
6413,107.61
6414,99.49
6415,107.5
6416,116.34
6417,128.58
6418,123.21
6419,109.42
6420,102.62
6421,94.09
6422,97.04
6423,100.75
6424,112.07
6425,125.99
6426,162.78
6427,177.96
6428,208.01
6429,188.17
6430,169.9
6431,164.91
6432,158.3
6433,145.28
6434,124.95
6435,113.46
6436,106.11
6437,105.09
6438,104.68
6439,111.96
6440,113.09
6441,117.81
6442,115.34
6443,112.11
6444,106.31
6445,102.98
6446,93.13
6447,90.65
6448,94.79
6449,112.33
6450,137.36
6451,170.8
6452,185.85
6453,179.18
6454,166.52
6455,163.94
6456,143.5
6457,133.27
6458,112.03
6459,105.99
6460,100
6461,102.23
6462,113.09
6463,171.78
6464,184.73
6465,190.84
6466,181
6467,172.15
6468,159.98
6469,144.97
6470,119.32
6471,116.33
6472,120.85
6473,142.43
6474,163.54
6475,173.1
6476,185.19
6477,169.96
6478,150
6479,127.48
6480,96.98
6481,105.23
6482,99.89
6483,98.37
6484,98.1
6485,105.97
6486,119.91
6487,170.52
6488,190.21
6489,195.1
6490,187.94
6491,174.21
6492,161.76
6493,142.64
6494,135.54
6495,133.14
6496,146.8
6497,165
6498,180.1
6499,197.69
6500,237.01
6501,195.33
6502,177.13
6503,164.91
6504,139.57
6505,120.55
6506,110.83
6507,95.35
6508,88.53
6509,87.73
6510,104.06
6511,162.68
6512,194.93
6513,204.51
6514,195.28
6515,183.59
6516,168.9
6517,129.41
6518,111.31
6519,108.35
6520,102.01
6521,106.61
6522,127.72
6523,173.23
6524,188.12
6525,161.44
6526,100.07
6527,93.73
6528,80.59
6529,70.3
6530,65.22
6531,61.08
6532,59.09
6533,62.13
6534,69.87
6535,112.05
6536,158.7
6537,150.58
6538,126.07
6539,102.05
6540,92.02
6541,79.1
6542,79.59
6543,78.37
6544,95.12
6545,118.19
6546,176.66
6547,201.03
6548,219.93
6549,195.28
6550,142.94
6551,104.8
6552,81.53
6553,90
6554,71.39
6555,59.98
6556,47.94
6557,54.52
6558,65.69
6559,120.61
6560,150
6561,142.05
6562,107.95
6563,82.57
6564,71.33
6565,59.94
6566,52.02
6567,49.19
6568,63.28
6569,90.02
6570,158.81
6571,183.27
6572,194.09
6573,159.01
6574,123.61
6575,118.33
6576,92.24
6577,115.02
6578,105.32
6579,106.44
6580,102.27
6581,104.71
6582,112.02
6583,140
6584,156.18
6585,164.91
6586,164.92
6587,135.58
6588,124.02
6589,105.22
6590,86.21
6591,76.44
6592,73.09
6593,76.89
6594,106.46
6595,120
6596,115.56
6597,92.55
6598,60.3
6599,39.15
6600,14.08
6601,0.01
6602,-0.03
6603,-1.02
6604,-1.91
6605,-2.02
6606,-1.03
6607,-0.06
6608,-0.09
6609,0.1
6610,2.94
6611,2.33
6612,12.97
6613,8.04
6614,4.67
6615,10.02
6616,40.03
6617,55.17
6618,108.55
6619,127.59
6620,153.84
6621,136.42
6622,120.08
6623,119.7
6624,86.81
6625,74.2
6626,71.13
6627,70.45
6628,67.34
6629,67.3
6630,90.2
6631,180.48
6632,217.1
6633,221.99
6634,213.6
6635,199.17
6636,193.65
6637,169.42
6638,163.93
6639,150.35
6640,154.98
6641,180
6642,197.06
6643,212.58
6644,230
6645,207.2
6646,170.6
6647,159.07
6648,133.1
6649,121.65
6650,112.4
6651,100.38
6652,94.58
6653,94.91
6654,110.96
6655,168.12
6656,217.61
6657,229.05
6658,217.54
6659,204.04
6660,194.92
6661,180.71
6662,162.18
6663,155
6664,155.31
6665,159.55
6666,182.9
6667,206.98
6668,217.54
6669,185.92
6670,141.03
6671,120.18
6672,100.03
6673,80.99
6674,74.98
6675,70.66
6676,60.41
6677,60.48
6678,77.19
6679,148.9
6680,220
6681,248.03
6682,240.12
6683,212.02
6684,205.5
6685,200
6686,193.43
6687,194.2
6688,195.63
6689,213.91
6690,248.06
6691,252.62
6692,290.97
6693,260
6694,244.98
6695,220.19
6696,205.7
6697,261
6698,252.86
6699,250
6700,236.86
6701,241.88
6702,264.31
6703,310.05
6704,356.09
6705,393.1
6706,352.55
6707,300
6708,299.92
6709,296.41
6710,287
6711,280.02
6712,280
6713,298.94
6714,317.58
6715,350.52
6716,442.9
6717,319.03
6718,300
6719,298.91
6720,270.7
6721,176.61
6722,167.36
6723,164.35
6724,160.08
6725,162.74
6726,174.12
6727,233.46
6728,269.4
6729,291.42
6730,260
6731,230.24
6732,211.32
6733,192.6
6734,169.6
6735,160.5
6736,164.72
6737,192.3
6738,229.02
6739,252.81
6740,269.7
6741,235.67
6742,194.21
6743,181.2
6744,150
6745,138.18
6746,120.28
6747,122.12
6748,135.11
6749,140
6750,137.33
6751,137.15
6752,167.91
6753,183.27
6754,160.44
6755,124
6756,100.81
6757,78.7
6758,70.44
6759,70.5
6760,93.82
6761,137.52
6762,200
6763,229.2
6764,239.22
6765,183.22
6766,138.86
6767,129.71
6768,110.01
6769,135.35
6770,132.2
6771,122.11
6772,119.41
6773,118.88
6774,120.88
6775,140.5
6776,163.99
6777,169.11
6778,151.68
6779,127.69
6780,119.52
6781,96.07
6782,86.3
6783,69.22
6784,89.82
6785,123.85
6786,165.29
6787,216.06
6788,240.57
6789,221.7
6790,195
6791,179.72
6792,159.16
6793,149.14
6794,141.51
6795,123.55
6796,113.68
6797,118.6
6798,146.16
6799,200
6800,252.46
6801,260.02
6802,237.02
6803,213.94
6804,180.28
6805,133.19
6806,109.32
6807,101.4
6808,121.06
6809,145.07
6810,192.13
6811,228.11
6812,240.57
6813,229.24
6814,175.47
6815,119.68
6816,96.58
6817,100.37
6818,94.85
6819,85.9
6820,90
6821,93.36
6822,110.3
6823,143
6824,215.42
6825,236.21
6826,237.18
6827,220
6828,208.94
6829,174.59
6830,151.24
6831,139.95
6832,139.44
6833,149.36
6834,200
6835,235.44
6836,248.08
6837,226.74
6838,193.2
6839,184.68
6840,140.11
6841,151.93
6842,152.01
6843,140.07
6844,132.43
6845,135
6846,151.45
6847,196.17
6848,229.3
6849,250.59
6850,238.97
6851,211.31
6852,195.56
6853,189.75
6854,168.74
6855,165.42
6856,167.6
6857,189.9
6858,213.96
6859,246.99
6860,287.31
6861,235
6862,199.07
6863,153.18
6864,116.12
6865,146.69
6866,131.83
6867,132.46
6868,110
6869,116.61
6870,140.99
6871,209
6872,235.05
6873,260
6874,245
6875,222.55
6876,198.3
6877,189.93
6878,164
6879,144.55
6880,144.27
6881,151.92
6882,199.13
6883,221.73
6884,219.73
6885,149.8
6886,116.63
6887,107.43
6888,69.82
6889,67.22
6890,56.55
6891,49.42
6892,48.93
6893,56.51
6894,67.21
6895,98.2
6896,165.01
6897,156.02
6898,105.11
6899,84.06
6900,72.19
6901,67.97
6902,56.49
6903,62.63
6904,81.57
6905,123.6
6906,195.66
6907,239.93
6908,249.22
6909,208.64
6910,198.52
6911,171.43
6912,117.55
6913,127.04
6914,126.22
6915,138.16
6916,135.75
6917,139.02
6918,140.3
6919,134.67
6920,182.43
6921,189.91
6922,184.18
6923,194.95
6924,120.01
6925,102.83
6926,88.63
6927,83.92
6928,96.84
6929,135.79
6930,202.52
6931,235.09
6932,253.06
6933,231.94
6934,200.34
6935,187.94
6936,131.1
6937,106.89
6938,107.67
6939,103.73
6940,108.09
6941,110.42
6942,116.68
6943,112.13
6944,118.08
6945,170.87
6946,178.1
6947,166.76
6948,134.92
6949,123.17
6950,106.57
6951,101.39
6952,112.8
6953,123.85
6954,182.5
6955,216
6956,238.29
6957,206.09
6958,158.36
6959,175.5
6960,132.88
6961,114.35
6962,118.04
6963,108.79
6964,109.84
6965,118
6966,156.82
6967,216.6
6968,258.13
6969,268.32
6970,250.5
6971,216
6972,199.27
6973,180
6974,166.79
6975,173.74
6976,190.98
6977,208.7
6978,229.97
6979,252.97
6980,262.12
6981,214
6982,206
6983,181.42
6984,151.97
6985,113.47
6986,106.28
6987,102.05
6988,92.12
6989,97.17
6990,114.97
6991,165.1
6992,215.9
6993,235.68
6994,224.7
6995,214.55
6996,199.42
6997,199.64
6998,188.69
6999,182
7000,171.6
7001,172.09
7002,183.27
7003,184.8
7004,166.13
7005,137.92
7006,94.98
7007,69.37
7008,51.02
7009,14.39
7010,5.65
7011,4.12
7012,0.09
7013,0.15
7014,14.07
7015,62.95
7016,132.17
7017,130.53
7018,98.43
7019,61.32
7020,56.08
7021,48.09
7022,44.06
7023,52.21
7024,56.76
7025,61.32
7026,89.99
7027,113.51
7028,118.44
7029,87.89
7030,73.87
7031,64.27
7032,52.29
7033,30.04
7034,30.17
7035,18.97
7036,18.8
7037,29.14
7038,47.74
7039,77.1
7040,104.74
7041,108.08
7042,103.42
7043,89.66
7044,77.05
7045,52.28
7046,30
7047,18.9
7048,30.02
7049,49.04
7050,64.91
7051,100.37
7052,118.21
7053,88.08
7054,70.08
7055,65.17
7056,54.11
7057,63.42
7058,60.45
7059,55.11
7060,52.64
7061,61.58
7062,73.05
7063,91.98
7064,119.28
7065,121.06
7066,91.58
7067,68.56
7068,55.24
7069,44.06
7070,24.46
7071,23.22
7072,30.08
7073,55.28
7074,82.66
7075,110
7076,119.91
7077,98.93
7078,78.67
7079,80.7
7080,63.06
7081,73
7082,69.17
7083,67.66
7084,73.63
7085,68.66
7086,72.48
7087,66.04
7088,105.1
7089,137.33
7090,141
7091,149.99
7092,138.16
7093,118.76
7094,105.52
7095,125.1
7096,160.07
7097,180.35
7098,210.99
7099,238.22
7100,256.47
7101,223.06
7102,210
7103,192.06
7104,162.23
7105,137.46
7106,109.43
7107,105
7108,114.59
7109,93.28
7110,105
7111,83.86
7112,93.75
7113,119.31
7114,83.45
7115,82.9
7116,87.84
7117,73.17
7118,61.82
7119,60.01
7120,77.05
7121,100.21
7122,138.06
7123,191.19
7124,135.83
7125,99.29
7126,75.06
7127,79.28
7128,79.03
7129,84.37
7130,81.55
7131,86.22
7132,84.39
7133,88.7
7134,111.82
7135,205.04
7136,215.77
7137,242.41
7138,219.24
7139,176.08
7140,151.95
7141,153.05
7142,169.59
7143,174.02
7144,200.91
7145,216.97
7146,235
7147,255.1
7148,262
7149,214.96
7150,198
7151,182.06
7152,158.39
7153,115.66
7154,135.57
7155,124.36
7156,114.92
7157,122.06
7158,155.1
7159,214.5
7160,235.71
7161,245.91
7162,235.06
7163,219.9
7164,212.22
7165,197.03
7166,185.44
7167,165.01
7168,177.44
7169,190.2
7170,223.47
7171,243
7172,223.47
7173,197.03
7174,138.28
7175,116.75
7176,84.27
7177,91.33
7178,85.4
7179,69.92
7180,66.8
7181,85.36
7182,93.24
7183,124.78
7184,197.01
7185,220
7186,200
7187,180
7188,141.01
7189,119.31
7190,100
7191,100.03
7192,126.01
7193,148.99
7194,207.56
7195,235.27
7196,228.55
7197,198.95
7198,162
7199,148.81
7200,121.75
7201,133.02
7202,125.53
7203,118.96
7204,122.02
7205,131.7
7206,141.02
7207,180
7208,225.02
7209,250.34
7210,203.98
7211,171.4
7212,142.77
7213,128.01
7214,112
7215,113.01
7216,140
7217,173.05
7218,198.93
7219,220.69
7220,198.67
7221,151.86
7222,100.19
7223,103.69
7224,99.09
7225,94.98
7226,83.99
7227,78.35
7228,69.41
7229,75.29
7230,89.61
7231,132.65
7232,174.4
7233,199.36
7234,148.42
7235,106.16
7236,97.1
7237,91.29
7238,85.51
7239,90.34
7240,101.05
7241,137.9
7242,187.96
7243,170.07
7244,152.33
7245,106.18
7246,88.89
7247,84.61
7248,65.51
7249,75.05
7250,72.22
7251,75.47
7252,70
7253,67.03
7254,69.43
7255,81.3
7256,92.31
7257,117.65
7258,116.89
7259,109.03
7260,101.31
7261,81.07
7262,78.56
7263,71.58
7264,71.59
7265,80
7266,86.98
7267,114.67
7268,107.83
7269,88.24
7270,67.36
7271,66.93
7272,57.18
7273,56.14
7274,60.87
7275,69.03
7276,64.49
7277,57.11
7278,58.65
7279,56
7280,54.73
7281,60.24
7282,61.09
7283,71.71
7284,64.99
7285,64.91
7286,61.66
7287,56.12
7288,56.15
7289,63.1
7290,69.92
7291,79.13
7292,74.54
7293,60.06
7294,52.2
7295,52.49
7296,58.5
7297,52.33
7298,59.22
7299,55.06
7300,43.92
7301,22.05
7302,20.36
7303,41.82
7304,58.29
7305,77.54
7306,88.81
7307,87.97
7308,83.2
7309,78.31
7310,78.98
7311,80.55
7312,81.52
7313,98.83
7314,111.28
7315,164.2
7316,183
7317,179.9
7318,163.08
7319,151.51
7320,147.37
7321,134.9
7322,145
7323,131.95
7324,128.92
7325,111.2
7326,123.51
7327,143.01
7328,182.15
7329,216.83
7330,234.98
7331,228.04
7332,221.74
7333,223.21
7334,215.95
7335,217.35
7336,224.91
7337,230.3
7338,248.93
7339,298.97
7340,312.67
7341,280
7342,231
7343,201
7344,179.99
7345,167
7346,146.68
7347,143.08
7348,140.25
7349,130.84
7350,130.03
7351,138.7
7352,169.95
7353,204.37
7354,230.09
7355,219.09
7356,207.62
7357,213.26
7358,206.2
7359,211.11
7360,215.9
7361,227.28
7362,234.97
7363,257.99
7364,274.33
7365,236
7366,202.95
7367,183.63
7368,165.92
7369,145.07
7370,165.39
7371,152.51
7372,145.87
7373,143.06
7374,145.38
7375,159.61
7376,183.77
7377,210.8
7378,213.77
7379,203.33
7380,200.97
7381,199.02
7382,193.72
7383,179.7
7384,165.57
7385,163.94
7386,178.01
7387,200.93
7388,201.01
7389,193.47
7390,165.32
7391,135.09
7392,125.56
7393,104.86
7394,109.41
7395,111.09
7396,109.95
7397,119.39
7398,125.72
7399,134.7
7400,181.11
7401,199.92
7402,202.98
7403,200
7404,200.9
7405,184.96
7406,193.3
7407,184.98
7408,190.08
7409,196.07
7410,199.96
7411,200
7412,179.18
7413,156.2
7414,146.66
7415,122.86
7416,105.15
7417,87.55
7418,81.09
7419,78.01
7420,78.01
7421,71.34
7422,78.01
7423,85.27
7424,81.01
7425,84.69
7426,85.28
7427,88.2
7428,81.5
7429,80.01
7430,75.32
7431,76.04
7432,76.45
7433,80.01
7434,87.89
7435,105
7436,87.69
7437,87.47
7438,62.27
7439,53.37
7440,50.05
7441,28.18
7442,6.73
7443,4.68
7444,3.44
7445,1.64
7446,1.47
7447,2.77
7448,3.28
7449,9.28
7450,10.86
7451,14.43
7452,12.64
7453,13.84
7454,14.14
7455,15.7
7456,29.95
7457,60
7458,77.72
7459,93.52
7460,81.05
7461,82.48
7462,80.57
7463,76.65
7464,76.33
7465,76.61
7466,55.39
7467,57.94
7468,62.95
7469,60
7470,60.92
7471,74.97
7472,173.9
7473,221.15
7474,214.08
7475,199.95
7476,190.17
7477,188.59
7478,202.33
7479,214.58
7480,212.96
7481,220.09
7482,229.6
7483,290.36
7484,299.9
7485,270
7486,222.2
7487,205
7488,173
7489,157.89
7490,153.01
7491,152.85
7492,151.01
7493,145.36
7494,145.5
7495,152.87
7496,190
7497,223.88
7498,215.58
7499,190.09
7500,151.87
7501,135.03
7502,120.08
7503,127.46
7504,147.01
7505,170
7506,203.9
7507,223.67
7508,190
7509,184.56
7510,141.62
7511,141.72
7512,138.14
7513,120.06
7514,93.74
7515,94.95
7516,94.86
7517,95.95
7518,115.5
7519,140.05
7520,175
7521,204.98
7522,200.1
7523,156.06
7524,148.14
7525,150.2
7526,154.21
7527,168.83
7528,211.93
7529,236.62
7530,250.06
7531,295
7532,275.05
7533,230
7534,219.93
7535,193.67
7536,169.9
7537,155.5
7538,168.03
7539,161.36
7540,160
7541,152.5
7542,155
7543,160.09
7544,183.87
7545,214
7546,219.94
7547,215.95
7548,199.2
7549,168.8
7550,159.58
7551,167.04
7552,184.54
7553,201.37
7554,219.59
7555,240.02
7556,252.12
7557,232.09
7558,218
7559,201
7560,180.01
7561,156.14
7562,167.72
7563,164.25
7564,162.16
7565,153
7566,155.02
7567,155.99
7568,180.59
7569,212.86
7570,214.77
7571,207.67
7572,191.61
7573,179.94
7574,164.69
7575,156.81
7576,156.55
7577,179.99
7578,185.09
7579,211.2
7580,193.23
7581,145.19
7582,157.11
7583,109.11
7584,109.54
7585,91.42
7586,99
7587,92.65
7588,97
7589,107.02
7590,111.6
7591,99.36
7592,123.64
7593,155.31
7594,151.2
7595,161.75
7596,173.89
7597,177.47
7598,177.5
7599,176.52
7600,176.52
7601,176.52
7602,180.6
7603,210
7604,220
7605,213.89
7606,184
7607,168.49
7608,168.82
7609,162.79
7610,184.73
7611,170.03
7612,167.24
7613,155.51
7614,144.22
7615,141.35
7616,117.2
7617,159.92
7618,159.04
7619,170.07
7620,177.2
7621,178.93
7622,184.58
7623,170.02
7624,156.12
7625,160
7626,166.68
7627,197.94
7628,204.47
7629,206.21
7630,190.61
7631,168.68
7632,173.18
7633,159.16
7634,165.85
7635,158.9
7636,155.81
7637,151.35
7638,149.64
7639,163.92
7640,191.12
7641,245.35
7642,262.18
7643,265
7644,263.33
7645,268.9
7646,260.06
7647,258.1
7648,268.17
7649,265.99
7650,274.94
7651,300.01
7652,300
7653,272.57
7654,238.76
7655,217.79
7656,194.71
7657,178.54
7658,182.46
7659,167.37
7660,162.57
7661,160.01
7662,157.83
7663,178.14
7664,220.35
7665,278.34
7666,280.06
7667,280.03
7668,274
7669,278.05
7670,280
7671,280.53
7672,279.09
7673,280.3
7674,280.03
7675,301
7676,296.98
7677,279.1
7678,250
7679,208.74
7680,179.8
7681,164.38
7682,194.01
7683,179.54
7684,170.79
7685,160.09
7686,163.22
7687,156.57
7688,181
7689,226.25
7690,232.05
7691,238.8
7692,233.04
7693,223.99
7694,217.11
7695,205
7696,183.27
7697,200.6
7698,177.94
7699,202.12
7700,189.09
7701,170.21
7702,133.01
7703,99.98
7704,110.48
7705,86.22
7706,100.1
7707,87.07
7708,87.06
7709,95.56
7710,110.01
7711,111.69
7712,157.14
7713,216.61
7714,243.1
7715,210.02
7716,194.67
7717,172.99
7718,159.5
7719,155
7720,148.65
7721,157.3
7722,158.25
7723,158.27
7724,150
7725,133.98
7726,96.89
7727,83.65
7728,91.59
7729,78.59
7730,71.81
7731,64.55
7732,64.58
7733,66.84
7734,76.05
7735,80.24
7736,110.09
7737,139.75
7738,163.61
7739,171
7740,169.94
7741,171.31
7742,165.34
7743,154.23
7744,162.62
7745,170.08
7746,167.34
7747,191.97
7748,193.7
7749,169.35
7750,122.82
7751,112.04
7752,104.95
7753,95
7754,107.01
7755,90.64
7756,86.92
7757,88.5
7758,92.13
7759,97.55
7760,88.68
7761,106.4
7762,114.25
7763,144.79
7764,127.91
7765,118.24
7766,110.05
7767,88.64
7768,122.39
7769,112.85
7770,127.16
7771,199.97
7772,166.44
7773,112.87
7774,88.61
7775,83.2
7776,85.01
7777,85.01
7778,72.61
7779,78.99
7780,77.44
7781,77.4
7782,79.06
7783,82.35
7784,77.47
7785,80.31
7786,98.18
7787,124.99
7788,165.38
7789,198.6
7790,190.38
7791,173.54
7792,180.87
7793,198
7794,213.63
7795,240
7796,247.76
7797,225
7798,185
7799,145.39
7800,146.88
7801,116.82
7802,175.86
7803,158.08
7804,144.91
7805,137.67
7806,154.45
7807,169
7808,239.78
7809,289.56
7810,300.05
7811,298.22
7812,289.62
7813,264.95
7814,248.07
7815,249.28
7816,256.53
7817,279.47
7818,288.51
7819,318.87
7820,302
7821,254.39
7822,232.92
7823,202.11
7824,202.26
7825,139.43
7826,168.4
7827,157.98
7828,143.35
7829,142.37
7830,160
7831,172.34
7832,193.16
7833,254.18
7834,290
7835,278.99
7836,260.22
7837,257.55
7838,248.02
7839,258.07
7840,278.69
7841,300
7842,317.34
7843,348.21
7844,342.13
7845,300
7846,279.64
7847,235.36
7848,218.85
7849,200.04
7850,190.06
7851,184.81
7852,178.16
7853,171.62
7854,191.15
7855,205.06
7856,225.08
7857,305.88
7858,344.98
7859,330.02
7860,321.35
7861,313.05
7862,299.99
7863,300
7864,328
7865,342.18
7866,350.92
7867,385
7868,345
7869,319.09
7870,283.42
7871,250.78
7872,216.67
7873,190.97
7874,200.03
7875,204.47
7876,193.52
7877,194.13
7878,207.09
7879,212.38
7880,281.09
7881,330
7882,352.11
7883,310
7884,294.93
7885,290.36
7886,290
7887,292.64
7888,290
7889,288.49
7890,282.91
7891,288.02
7892,260.69
7893,188.07
7894,152.44
7895,152.11
7896,155.28
7897,129.55
7898,155.45
7899,159.74
7900,148.81
7901,148.8
7902,153.7
7903,164.7
7904,213.3
7905,269.08
7906,288.99
7907,282.56
7908,272.53
7909,215.97
7910,234.4
7911,188.19
7912,182.82
7913,180.45
7914,191.38
7915,225.88
7916,182.06
7917,165.15
7918,150.1
7919,119.18
7920,118.66
7921,109.11
7922,130.08
7923,153.33
7924,151.4
7925,157.11
7926,160.49
7927,167.08
7928,169.16
7929,189.1
7930,209.39
7931,219.09
7932,222.13
7933,225.54
7934,219.09
7935,216.02
7936,218.9
7937,225
7938,231.26
7939,270.8
7940,265.96
7941,240
7942,213.29
7943,212.4
7944,204.08
7945,198.83
7946,193.95
7947,188.88
7948,188.12
7949,181.2
7950,176
7951,174.5
7952,181.4
7953,184.77
7954,185.99
7955,199.99
7956,203.01
7957,209.76
7958,210.07
7959,198.28
7960,198.34
7961,205.11
7962,217.03
7963,245.13
7964,247.94
7965,238.15
7966,216.63
7967,204.69
7968,201.8
7969,177.24
7970,155.39
7971,151.31
7972,141.13
7973,136.65
7974,143.39
7975,160.51
7976,221.07
7977,289.44
7978,331.14
7979,320.09
7980,295.83
7981,298.54
7982,299.03
7983,329.2
7984,342.77
7985,352.11
7986,360
7987,421.87
7988,410.13
7989,355.06
7990,310.16
7991,234.68
7992,193.53
7993,130.05
7994,113.9
7995,100.51
7996,91.93
7997,73.06
7998,64.82
7999,69.75
8000,71.56
8001,93.97
8002,92.39
8003,94.65
8004,96.68
8005,108.44
8006,112.19
8007,110.05
8008,112.95
8009,124.91
8010,131.8
8011,187.28
8012,228.92
8013,232.6
8014,215.06
8015,171.89
8016,145.89
8017,126.94
8018,127.25
8019,107
8020,97.39
8021,93.97
8022,86.86
8023,94.27
8024,115.82
8025,110.01
8026,103.93
8027,94.3
8028,86.88
8029,86.89
8030,84.7
8031,85.91
8032,85.93
8033,84.67
8034,87.74
8035,96.76
8036,90.53
8037,76.99
8038,71.2
8039,70.43
8040,73.5
8041,71.17
8042,36.98
8043,28.72
8044,37.08
8045,63.76
8046,76.15
8047,92.63
8048,159.65
8049,207.25
8050,234.9
8051,233.75
8052,208.04
8053,228.29
8054,232.13
8055,233.86
8056,258.09
8057,304.96
8058,327.82
8059,354.98
8060,330
8061,283.98
8062,228.85
8063,203.08
8064,183.54
8065,132.49
8066,153.93
8067,124.99
8068,118.09
8069,111.39
8070,115.02
8071,130.73
8072,169.95
8073,242.08
8074,256.41
8075,217.52
8076,179.96
8077,159.92
8078,140.01
8079,140.8
8080,138.23
8081,143.72
8082,159.98
8083,170.03
8084,138.25
8085,130.3
8086,115.22
8087,116.71
8088,119.59
8089,106.48
8090,125.06
8091,125.28
8092,171.46
8093,185
8094,185.01
8095,183.79
8096,187.6
8097,205
8098,222.79
8099,235.01
8100,239.55
8101,235.01
8102,237.92
8103,222
8104,218.73
8105,210
8106,222
8107,243.05
8108,230.57
8109,196.77
8110,200.27
8111,157.71
8112,150.89
8113,119.86
8114,87.48
8115,87.92
8116,84.63
8117,80.99
8118,80.92
8119,84.77
8120,80.97
8121,91.9
8122,100.05
8123,121.43
8124,132.56
8125,210
8126,200.06
8127,197.56
8128,201.02
8129,209.78
8130,229.07
8131,256.91
8132,260
8133,220.98
8134,208.64
8135,195.38
8136,196.13
8137,165.92
8138,197.53
8139,182.57
8140,184.2
8141,174.12
8142,174.14
8143,181.95
8144,263.39
8145,348.1
8146,371.54
8147,363.67
8148,360
8149,353.01
8150,331.71
8151,315.13
8152,314.93
8153,317.07
8154,313.9
8155,313.64
8156,276.4
8157,250.02
8158,225.8
8159,199
8160,195.5
8161,162.1
8162,131.45
8163,119.95
8164,114.9
8165,114.61
8166,131.01
8167,145.45
8168,210.06
8169,280.01
8170,299.15
8171,294.99
8172,285.56
8173,291.75
8174,283.94
8175,280.17
8176,287.2
8177,292.62
8178,294.94
8179,279.96
8180,250.09
8181,210.97
8182,198.35
8183,177.43
8184,122.53
8185,91.36
8186,85.46
8187,77.64
8188,69.96
8189,66.08
8190,79.95
8191,92.02
8192,117.46
8193,174.28
8194,227.96
8195,222.92
8196,201.96
8197,204.98
8198,214.66
8199,220.01
8200,240.07
8201,247.19
8202,261.54
8203,292
8204,266.48
8205,252
8206,210.7
8207,196.7
8208,221.21
8209,174.21
8210,189.68
8211,194.74
8212,170.51
8213,181.07
8214,194.96
8215,196.83
8216,247.68
8217,308.2
8218,338.29
8219,346.2
8220,338.99
8221,340
8222,335.64
8223,334.51
8224,342.19
8225,343
8226,349.21
8227,355.69
8228,345
8229,316.3
8230,260.6
8231,220
8232,224.95
8233,194.97
8234,197.97
8235,175.33
8236,152.68
8237,146.78
8238,155.01
8239,200.02
8240,237.98
8241,282.83
8242,299.5
8243,290.81
8244,282.78
8245,266.49
8246,250.79
8247,245.1
8248,242.85
8249,254.61
8250,274.76
8251,300.04
8252,297.35
8253,265.41
8254,254.57
8255,234.28
8256,233.38
8257,213.41
8258,221.11
8259,213.53
8260,208.03
8261,206.6
8262,201.6
8263,206.7
8264,220.07
8265,243.9
8266,273.17
8267,294.98
8268,291.05
8269,294.14
8270,292.49
8271,253.51
8272,241.09
8273,247.07
8274,263.73
8275,281.59
8276,280.93
8277,234.35
8278,223.4
8279,198.37
8280,174.94
8281,130.01
8282,136.22
8283,120.5
8284,114.17
8285,109.92
8286,106.98
8287,105.9
8288,105.94
8289,108.27
8290,115.73
8291,136.19
8292,175.01
8293,205
8294,205
8295,195.83
8296,204.57
8297,231.08
8298,253.33
8299,282
8300,290.3
8301,268.64
8302,265.79
8303,233.63
8304,236.53
8305,188.38
8306,183.78
8307,156.62
8308,143.82
8309,137.81
8310,145.13
8311,157.11
8312,269.2
8313,313.61
8314,325
8315,333.19
8316,326.84
8317,324.93
8318,320.65
8319,320.6
8320,320.94
8321,322.25
8322,331.9
8323,353.73
8324,322.57
8325,315.79
8326,265.06
8327,232.75
8328,236.58
8329,192.04
8330,185.45
8331,160.14
8332,144.42
8333,144.93
8334,160.86
8335,197.33
8336,217.12
8337,320.08
8338,350.25
8339,364.12
8340,362.6
8341,370.01
8342,371.7
8343,370.47
8344,373.81
8345,372.67
8346,380
8347,400
8348,393.5
8349,359.92
8350,337.89
8351,288.77
8352,254.7
8353,218.89
8354,230.2
8355,214.8
8356,199.98
8357,185.01
8358,205.7
8359,237.2
8360,270.9
8361,338.32
8362,330.06
8363,330.09
8364,331.44
8365,330.78
8366,330.06
8367,329.94
8368,345.68
8369,349.92
8370,350.17
8371,402
8372,347.99
8373,332.34
8374,322.74
8375,256.78
8376,260.76
8377,251.95
8378,241.19
8379,231.05
8380,208.15
8381,230.62
8382,251.78
8383,266.49
8384,313.93
8385,403.56
8386,411.12
8387,416.8
8388,408.8
8389,404.19
8390,400.18
8391,390.63
8392,395.24
8393,399.72
8394,416.23
8395,425
8396,417.25
8397,404.57
8398,365.76
8399,318.56
8400,285.45
8401,257
8402,289.26
8403,263.02
8404,250.07
8405,240.73
8406,250
8407,270.09
8408,303.81
8409,391
8410,403.92
8411,403.92
8412,398.95
8413,392.46
8414,376.13
8415,351.71
8416,361.51
8417,392.1
8418,382.32
8419,397.3
8420,394.42
8421,390.1
8422,341.98
8423,306.78
8424,294.38
8425,269.4
8426,310.12
8427,278.21
8428,258.24
8429,269.89
8430,255.4
8431,237.85
8432,278.2
8433,299.6
8434,313.08
8435,335.28
8436,324.1
8437,312.69
8438,286.58
8439,287.16
8440,286.8
8441,274.7
8442,311.01
8443,332.53
8444,290.93
8445,199.9
8446,178.07
8447,127.71
8448,99.78
8449,80.49
8450,83
8451,71.92
8452,69.9
8453,50.07
8454,42.68
8455,30.85
8456,21.83
8457,59.96
8458,70.97
8459,86.03
8460,86.8
8461,107.61
8462,100.03
8463,85.78
8464,87.7
8465,99.99
8466,133.78
8467,181.81
8468,197.76
8469,204.09
8470,225.12
8471,239.01
8472,328
8473,207.47
8474,159.25
8475,152.05
8476,148.91
8477,145.51
8478,136.9
8479,138.27
8480,305.12
8481,396.95
8482,436.42
8483,410.03
8484,373.78
8485,364.85
8486,333.09
8487,368.35
8488,404.92
8489,428.82
8490,439.97
8491,460.08
8492,465.98
8493,442.73
8494,424
8495,373.18
8496,340.99
8497,302.74
8498,283.9
8499,298.09
8500,293.2
8501,294.14
8502,291.12
8503,322.48
8504,399.98
8505,471.02
8506,510.02
8507,513.58
8508,503.39
8509,480
8510,457.26
8511,460
8512,476.21
8513,505.13
8514,539.91
8515,620
8516,600.1
8517,520
8518,470.59
8519,408.25
8520,351.06
8521,297.97
8522,358.65
8523,348.19
8524,335.63
8525,317.55
8526,322
8527,353.28
8528,419.46
8529,505.34
8530,520.59
8531,506.93
8532,485.51
8533,429.25
8534,395.69
8535,400.54
8536,471.13
8537,499.43
8538,505.5
8539,529.2
8540,503.71
8541,450.28
8542,379.45
8543,347.88
8544,336.15
8545,280
8546,312.7
8547,300.51
8548,262.77
8549,255.51
8550,259.28
8551,327.56
8552,388.51
8553,417.01
8554,450.06
8555,420.4
8556,364.42
8557,380
8558,346.92
8559,300.26
8560,299.31
8561,306.81
8562,350
8563,355.04
8564,294.98
8565,230.93
8566,206.79
8567,150.5
8568,138.3
8569,98.85
8570,110.06
8571,98.51
8572,91.94
8573,100.17
8574,110.09
8575,110
8576,88.88
8577,158
8578,207.73
8579,201.81
8580,203.1
8581,234.2
8582,244.65
8583,220.94
8584,225.34
8585,228.65
8586,264.24
8587,278.57
8588,243.09
8589,248.83
8590,250
8591,267.03
8592,274.33
8593,248.85
8594,180.25
8595,157.15
8596,184.07
8597,162.22
8598,135
8599,125.31
8600,128.03
8601,142.46
8602,174.47
8603,206.55
8604,218.06
8605,227.18
8606,230.07
8607,221.88
8608,223.1
8609,226
8610,231.52
8611,244.81
8612,245.1
8613,232.22
8614,230.32
8615,224.57
8616,229.56
8617,179.12
8618,178.37
8619,156.86
8620,153.83
8621,133.26
8622,126.66
8623,130.24
8624,132.24
8625,162.5
8626,174.39
8627,185.94
8628,199.35
8629,202.81
8630,199.4
8631,193.73
8632,193.3
8633,193.39
8634,195.65
8635,217.55
8636,210.58
8637,207.75
8638,190.69
8639,155.49
8640,144.9
8641,100.08
8642,95.79
8643,86.23
8644,81.36
8645,78.96
8646,76.04
8647,97.53
8648,110.05
8649,134.11
8650,164.52
8651,198.17
8652,204.36
8653,199.04
8654,210.04
8655,200.18
8656,188.43
8657,186.06
8658,180.42
8659,205
8660,207.1
8661,196.05
8662,161.33
8663,111.05
8664,113.05
8665,87
8666,74.4
8667,59.99
8668,46.92
8669,36.22
8670,37.86
8671,48.6
8672,75.59
8673,101.96
8674,122.23
8675,142.96
8676,142.16
8677,135.16
8678,126.59
8679,115.36
8680,101.55
8681,90.95
8682,101.9
8683,139
8684,150.06
8685,149.89
8686,139.09
8687,125.22
8688,127.68
8689,110.08
8690,112.06
8691,93.27
8692,94.37
8693,90.82
8694,94.01
8695,117.63
8696,139.98
8697,188
8698,200
8699,203.45
8700,204.2
8701,204.38
8702,205.61
8703,205.62
8704,205.7
8705,200
8706,195.99
8707,203.44
8708,183.93
8709,163.63
8710,130.06
8711,108.64
8712,106.34
8713,83.35
8714,73.08
8715,47.86
8716,33.12
8717,25.56
8718,21.36
8719,43.1
8720,60.01
8721,97.26
8722,103.37
8723,93.6
8724,98.06
8725,95.55
8726,97.23
8727,88.75
8728,81.7
8729,75.44
8730,81.92
8731,91.98
8732,89.98
8733,81.97
8734,75.48
8735,70.91
8736,75.35
8737,55.65
8738,5.71
8739,0.09
8740,-0.03
8741,-0.05
8742,-0.03
8743,0.04
8744,-0.05
8745,-0.06
8746,0.17
8747,0.91
8748,0.93
8749,10.05
8750,10.01
8751,10.02
8752,25.49
8753,20.49
8754,62.23
8755,60.97
8756,40.01
8757,32.49
8758,0.18
8759,0.08
8760,5.1
8761,6.32
